,title,videoid
0,일본 방송에 등장한 BTS 방탄소년단 찐팬 일본 인기 톱배우 방탄 멤버들 역대급 반응 리액션 표정 주목 입덕한 연예인 BTS JapanTV Interview New Album,gfUfhrGd2TM
1,BTS Texts-YeOnTaN jOiNeD bTs,Rf9eOULZgD0
2,⚠️[18++]Ff BTS NAMJOON &amp; YOONGI⚠️ ONESHOOT|sub indo| BACA DESK!!,BdmnzKpjddk
3,BTS Workout Compilation,JDuB7xoLUrI
4,bts facial expressions on stage,SUDzEWoBGkY
5,"[BTS 정주행 Step 8] 뮤비감독의 BTS(방탄소년단) - 피 땀 눈물(Blood,Sweat&amp;Tears)리액션(Reaction)",ZgAkyucx55M
6,BTS JUNGKOOK ONESHOT FF ||Bumping into him after the break up|| [Part 2],kAu0CL85o3s
7,BTS (방탄소년단) — BTS Doing Weird Things | BTS FUNNY MOMENTS | REACTION VIDEO,i4VZqDWy-bo
8,"Somi Deleted, BLACKPINK Called Strippers, Seulgi Monster Middle Finger, BTS J-Hope Left Out",jikjah9Baas
9,BTS(방탄소년단) - IDOL [Live Video],Z5rwpaTGXww
10,【走れバンタン】BTSがあの世界的映画ディズニー&quot;ズートピア&quot;の吹き替えやってみた！(日本語字幕付き),-cDXyOdX_EE
11,BTS &#39;Your Eyes Tell&#39; LIVE PERFORMANCE | REACTION /REVIEW,RNvRcdzVnlk
12,BTS Performs &quot;I&#39;m Fine&quot; on The Tonight Show | Live Reaction!!!,uYhayFOEELk
13,"BTS, TXT (방탄소년단) &quot;Summer&quot; Official MV",izpYvDZ_f2Y
14,UNBOXING DO NOVO CELULAR DO BTS! Samsung S20+ BTS Edition,rIYc01pOnUY
15,Africans react to BTS are just people | The real BTS,2FWjjfEhcTo
16,BTS Jingle Ball 2019 FULL PERFORMANCE - iHeartRadio Concert Fancam,j3CleYdxNLA
17,BTS memes that I NEED,PTL1yLHgeKY
18,ARMY Tweets/BTS Memes that will BURST your LUNGS,-3e2KWpytJI
19,BTS (방탄소년단) &#39;MAGIC SHOP Live Performance |REACTION|,5qu_khsWtsE
20,[Озвучка Миры] Run BTS 2020 - Ep.109 . Русская озвучка Ран Бтс,9TNLOoAPj7s
21,Things BTS Can’t Do Because Of BigHit Entertainment,_G5TCvi9viA
22,"BTS RESMI TAMPIL DI ACARA TOKOPEDIA, INDOMY : &quot;TAKUT MALU-MALUIN !&quot;",v2MEWKleZOc
23,BTS Khi &#39;Giả Gái&#39; Thì Sẽ Như Thế Này Đây!!!,-08EvBGkP_0
24,[EPISODE] BTS (방탄소년단) @ 2019 iHR Jingle Ball,0WiOpHXbrYc
25,[ Tik Tok BTS ] Nghiện thuốc có thể lào cai nhưng nghiện anh nhà không thể nào cai,T7-VbszOTKo
26,【Run!BTS】表情まで？もどかしいアフレコ！ジンジミンジョングクver.【日本語字幕】,fARbUpgK0C8
27,펭수 BTS Idol 커버(국악 remix),u78YZEW3PWY
28,ENG Sub | Run BTS - EP. 109 &#39;Dubbing&#39;,oliy9QPKqPk
29,BTS - Your Eyes Tell (Adventure Club x Soar Remix),KiC01ZsbyhA
30,Can We Spot The BTS HATER?! - Jubilee React,e-tXsmHBVsE
31,MUSICIAN REACTS TO BTS (방탄소년단) &#39;Your Eyes Tell&#39; Studio and LIVE,LSXY-P85ULk
32,【中字】RUN! BTS! ep 109 奔跑吧！防彈！第109集 - 防彈配音,rAYAFyqmlAs
33,"BTS voice acting/dubbing (Zootopia) - Jimin, Jin, Jungkook and Jhope ver.",_LQ6OTlq5mc
34,بانقتان ران الحلقة 109 مترجمة للعربية bts run,MxNYda2hz5M
35,[Sub Español] Run BTS! 2020 - EP.109,Jc4SwIIhrAc
36,Run BTS 2020 - Ep.109 Eng Sub Full episode,t4DgkUd3TUI
37,【BTS・taekook】走れバンタン！グクテテ編後半③,G14s61t_kRI
38,[방구석 여기서요?] 방탄소년단 BTS - Not Today | 커버댄스 DANCE COVER,GkqAKbuuRQY
39,"JIN BTS KAGET &amp; NOTICE FOTO MEMBER BTS JADI PENGANTIN JAWA, INDOMY KEGIRANGAN !",fB39VktsbFk
40,[PREVIEW] BTS (방탄소년단) &#39;BTS MEMORIES OF 2019&#39; DVD,KM-e09Drc5I
41,BTS Being Silly Together (BTS Funny Moments),8MaCnxHuiYU
42,BTS (방탄소년단) &#39;Your Eyes Tell&#39; MV,7WhF85NJxq4
43,[ENG SUB] BTS Interview at NTV Buzz Rhythm 02,ITRYsWd0LVw
44,200718 BTS 방탄소년단 Black Swan @ NHK Songs 2020,MOAJ-6UOKPg
45,BTS(방탄소년단) - Your Eyes Tell [Performance Video],fReoc9Zd1C0
46,[FULL PERFORMANCE] BTS &quot;BLACK SWAN&quot; | NHK SONGS [07/18/20],3GglFaAPkSA
