,개방서비스명,소재지전체주소,도로명전체주소,사업장명,업태구분명,좌표정보(X),좌표정보(Y)
0,청소년게임제공업,서울특별시 동작구 대방동 336-5번지 지하1층 ,"서울특별시 동작구 상도로 84  (대방동,지하1층)",게임랜드,,37.49952178,126.9299824
1,청소년게임제공업,서울특별시 동작구 상도동 188-4번지 1층 ,,삼미컴퓨터게임장,,37.50293565,126.9362789
2,청소년게임제공업,서울특별시 동작구 사당동 168-62번지 지하1층 ,"서울특별시 동작구 사당로23길 130  (사당동,지하1층)",우주오락실,,37.48843978,126.9727149
3,청소년게임제공업,서울특별시 동작구 노량진동 126-14번지 1층 ,"서울특별시 동작구 만양로18길 14  (노량진동,1층)",정인오락실,,37.51308653,126.9450222
4,청소년게임제공업,서울특별시 동작구 상도동 184-173번지 효성목욕탕 ,"서울특별시 동작구 상도로 154-1, 효성목욕탕 지층 (상도동)",상도게임랜드,,37.50307473,126.9367252
5,청소년게임제공업,서울특별시 동작구 상도동 323-4번지 외 12필지 지상2층 ,"서울특별시 동작구 국사봉1길 18  (상도동,외 12필지 지상2층)",성대컴퓨터게임,,37.49883035,126.9296866
6,청소년게임제공업,서울특별시 동작구 상도동 324-2번지 지하1층 ,"서울특별시 동작구 상도로 88  (상도동,지하1층)",게임랜드,,37.49957339,126.9305657
7,청소년게임제공업,서울특별시 동작구 상도동 315-22번지 지하1층 ,"서울특별시 동작구 성대로2길 7  (상도동,지하1층)",상도전자오락실,,37.4993272,126.9317345
8,청소년게임제공업,서울특별시 동작구 신대방동 345-3번지 ,"서울특별시 동작구 보라매로 93, 1층 (신대방동, 석양교회)",더뽑장,,37.4977037,126.9276953
9,청소년게임제공업,서울특별시 동작구 상도동 314-16번지 지하1층 ,"서울특별시 동작구 성대로 18  (상도동,지하1층)",로얄게임장,,37.49961965,126.932504
10,청소년게임제공업,서울특별시 동작구 대방동 336-12번지 지상 1층 ,"서울특별시 동작구 상도로 78  (대방동,지상 1층)",스타게임장,,37.49955849,126.9291386
11,청소년게임제공업,서울특별시 동작구 노량진동 117-2번지 지상1층 ,"서울특별시 동작구 노량진로 166  (노량진동,지상1층)",어뮤즈월드,,37.51338556,126.944806
12,청소년게임제공업,서울특별시 동작구 대방동 335-15번지 ,서울특별시 동작구 상도로 77 (대방동),미미게임랜드,,37.49990497,126.9292192
13,청소년게임제공업,서울특별시 동작구 신대방동 685번지 동부인력 ,"서울특별시 동작구 시흥대로 640, 동부인력 (신대방동)",뽑기대륙,,37.48894742,126.9068142
14,청소년게임제공업,서울특별시 동작구 상도동 358-15번지 ,"서울특별시 동작구 상도로15길 76, 1층 (상도동)",뽑스,,37.50370922,126.9353916
15,청소년게임제공업,서울특별시 동작구 사당동 1031-36번지 ,"서울특별시 동작구 동작대로 37, 3층 (사당동)",모펀청소년게임센터,,37.4798199,126.9813953
16,청소년게임제공업,서울특별시 동작구 노량진동 119-74번지 ,"서울특별시 동작구 만양로 89-1, 지1층 (노량진동)",코인노래오락실,,37.51149667,126.9441754
17,청소년게임제공업,서울특별시 동작구 노량진동 207-4번지 ,서울특별시 동작구 만양로14길 30 (노량진동),코인노래,,37.51202663,126.9459002
18,청소년게임제공업,서울특별시 동작구 노량진동 117-2번지 ,서울특별시 동작구 노량진로 166 (노량진동),픽미업,,37.51338556,126.944806
19,청소년게임제공업,서울특별시 동작구 사당동 250-1번지 ,서울특별시 동작구 사당로14가길 19 (사당동),뽑아가세용,,37.48420237,126.97134
20,청소년게임제공업,서울특별시 동작구 사당동 141-227번지 ,서울특별시 동작구 사당로29가길 46 (사당동),지팀장#,,37.48696294,126.9799242
21,청소년게임제공업,서울특별시 동작구 사당동 138-4번지 ,"서울특별시 동작구 동작대로27다길 29, 1층 (사당동, 서광시티뷰)",태평뽑기샵,,37.48626064,126.9806357
22,청소년게임제공업,서울특별시 동작구 노량진동 271-2번지 ,"서울특별시 동작구 등용로14길 78, 1층 (노량진동)",패밀리 게임장,,37.51251928,126.9357781
23,청소년게임제공업,서울특별시 동작구 사당동 318-75번지 ,서울특별시 동작구 사당로16길 19 (사당동),뽑GO방,,37.48253654,126.9734348
24,청소년게임제공업,서울특별시 동작구 사당동 139-30번지 지안플라자 ,"서울특별시 동작구 동작대로27길 5, 3층 (사당동)",캡틴플스(이수역점),,37.48733712,126.9814933
25,청소년게임제공업,서울특별시 동작구 노량진동 117-24번지 한서고시원 ,"서울특별시 동작구 만양로 104, 1층 (노량진동)",TOY짱,,37.51282167,126.9445302
26,청소년게임제공업,서울특별시 동작구 사당동 139-72번지 ,"서울특별시 동작구 동작대로27가길 12, 1층 (사당동)",게임빌리지(GAME VILLAGE),,37.4871163,126.9810402
27,청소년게임제공업,서울특별시 동작구 사당동 139-36번지 ,"서울특별시 동작구 동작대로27길 22, 1층 (사당동)",인형뽑기,,37.48769865,126.9806413
28,청소년게임제공업,서울특별시 동작구 노량진동 148-88번지 ,"서울특별시 동작구 노량진로 178, 1층 (노량진동)",나노게임파크,,37.51343372,126.9456857
29,청소년게임제공업,서울특별시 동작구 노량진동 97-1번지 ,"서울특별시 동작구 노량진로16길 14, 1층 (노량진동)",GOGO SHOP,,37.51298062,126.9435992
30,청소년게임제공업,서울특별시 동작구 상도동 365-1번지 ,서울특별시 동작구 상도로 177 (상도동),퀸 오락실,,37.50473488,126.9383364
31,청소년게임제공업,서울특별시 동작구 노량진동 148-54번지 지하1층 ,"서울특별시 동작구 만양로18길 23  (노량진동,지하1층)",위닝플스 노량진점,,37.51309667,126.9457229
32,청소년게임제공업,서울특별시 동작구 사당동 137-15번지 ,서울특별시 동작구 동작대로27가길 20 (사당동),코인노래오락실,,37.48672183,126.9810173
33,청소년게임제공업,서울특별시 동작구 노량진동 117-19번지 지하1층 ,"서울특별시 동작구 만양로14가길 32  (노량진동,지하1층)",트리플엑스 노량진점,,37.51296291,126.9448337
34,청소년게임제공업,서울특별시 동작구 사당동 145-23번지 1층 ,"서울특별시 동작구 동작대로25길 9-8, 1층 (사당동)",sWitch 오락실,,37.48604172,126.9813725
35,청소년게임제공업,서울특별시 동작구 사당동 147-53번지 ,"서울특별시 동작구 동작대로 89, 7층 705호 (사당동, 골든시네마타워)",sWitch 오락실,,37.48476096,126.9815205
36,청소년게임제공업,서울특별시 동작구 사당동 139-88번지 ,"서울특별시 동작구 동작대로27가길 14, 1층 (사당동)",J게임랜드,,37.48694204,126.9810411
37,청소년게임제공업,서울특별시 동작구 흑석동 100-20번지 ,"서울특별시 동작구 서달로 159, 1층 (흑석동, 소아과의원)",멀티인형뽑기샵,,37.50769766,126.9620938
38,청소년게임제공업,서울특별시 동작구 노량진동 114-5번지 한주실업 ,"서울특별시 동작구 노량진로 162, 한주실업 1층 (노량진동)",핫토이,,37.51338649,126.9439221
39,청소년게임제공업,서울특별시 동작구 노량진동 206-18번지 ,"서울특별시 동작구 만양로14길 40-1, 1층 (노량진동)",뽑GO,,37.51219588,126.9463951
40,청소년게임제공업,서울특별시 동작구 노량진동 119-166번지 ,"서울특별시 동작구 노량진로16길 29, 1층 (노량진동)",토이스토리,,37.51232042,126.9440936
41,청소년게임제공업,서울특별시 동작구 사당동 132-8번지 ,"서울특별시 동작구 동작대로27길 20, 1층 (사당동)",CRANE WORLD,,37.48763526,126.9808933
42,청소년게임제공업,서울특별시 동작구 사당동 139-30번지 ,"서울특별시 동작구 동작대로27길 5, 1층 (사당동, 로얄골프잭팟)",지투존,,37.48733712,126.9814933
43,청소년게임제공업,서울특별시 동작구 사당동 1031-37번지 ,서울특별시 동작구 동작대로7길 5 (사당동),깨비깨비 인형뽑기,,37.47991296,126.9813191
44,청소년게임제공업,서울특별시 동작구 노량진동 67-9번지 ,서울특별시 동작구 노량진로 157 (노량진동),더뽀짱,,37.51394627,126.9433219
45,청소년게임제공업,서울특별시 동작구 흑석동 100-46번지 ,서울특별시 동작구 서달로 157 (흑석동),왓따뽀브리,,37.50761271,126.961851
46,청소년게임제공업,서울특별시 동작구 상도동 323-25번지 ,"서울특별시 동작구 국사봉길 13, 지1층 (상도동)",코인노래오락실,,37.49858228,126.9290379
47,청소년게임제공업,서울특별시 동작구 흑석동 189-2번지 2층 ,"서울특별시 동작구 흑석로11길 3  (흑석동,2층)",게임샷,,37.5077953,126.9603559
48,청소년게임제공업,"서울특별시 동작구 노량진동 117-20번지 지상1,2층 ","서울특별시 동작구 만양로14가길 26 (노량진동,지상1,2층)",어뮤즈타운,,37.51275483,126.9449375
49,공연장,서울특별시 동작구 사당동 224-16번지 ,서울특별시 동작구 사당로16다길 102-11  (사당동),곽종목,,37.48511194,126.9681786
50,공연장,서울특별시 동작구 신대방동 377-177번지 ,,(주) 이벤트 링크,,#N/A,#N/A
51,공연장,서울특별시 동작구 사당동 220-184번지 ,서울특별시 동작구 사당로9라길 42  (사당동),서경프로덕션,,37.48775412,126.9697795
52,공연장,서울특별시 동작구 사당동 43번지 ,서울특별시 동작구 동작대로35자길 3  (사당동),안병한 이벤트,,37.49285538,126.9785531
53,공연장,서울특별시 동작구 신대방동 605-55번지 ,서울특별시 동작구 신대방13길 15  (신대방동),김길동 가무단,,37.48878738,126.9094522
54,공연장,서울특별시 동작구 흑석동 164-3번지 ,서울특별시 동작구 흑석로 115-8  (흑석동),중대 극장,,37.50912086,126.9614322
55,공연장,서울특별시 동작구 흑석동 252-52번지 ,서울특별시 동작구 서달로2길 3-5  (흑석동),전설,,37.50001683,126.9611664
56,공연장,서울특별시 동작구 사당동 73-23번지 ,서울특별시 동작구 동작대로33다길 12-3  (사당동),윤호문,,37.49038526,126.9811448
57,공연장,서울특별시 동작구 신대방동 607-58번지 ,서울특별시 동작구 신대방길 113  (신대방동),조은빛 기획,,37.49025681,126.9082623
58,공연장,서울특별시 동작구 흑석동 79-17번지 ,서울특별시 동작구 서달로4가길 3-10  (흑석동),우리 민족 예술단,,37.50163338,126.9613159
59,공연장,서울특별시 동작구 상도1동 143-64번지 ,,한국 오페라 아카데미,,#N/A,#N/A
60,공연장,서울특별시 동작구 대방동 13-42번지 ,서울특별시 동작구 등용로6길 5-13  (대방동),RUN,,37.50656104,126.933049
61,공연장,서울특별시 동작구 노량진동 205-356번지 한강아파트 2-201 ,"서울특별시 동작구 만양로12가길 7  (노량진동,한강아파트 2-201)",이수경 독창회,,37.51112339,126.9473394
62,공연장,서울특별시 동작구 흑석동 223-3210번지 ,,최정윤 가야금 독주회,,#N/A,#N/A
63,공연장,서울특별시 동작구 노량진동 224-6번지 ,서울특별시 동작구 만양로 77  (노량진동),한국 청음 장애 극단,,37.51040559,126.9446283
64,공연장,서울특별시 동작구 사당동 708-621번지 ,서울특별시 동작구 사당로23길 38-3  (사당동),극단예절,,37.48548675,126.9761392
65,공연장,서울특별시 동작구 신대방동 692-24번지 ,서울특별시 동작구 신대방3길 13  (신대방동),에이레레 드라마 연구소,,37.48758114,126.9110362
66,공연장,서울특별시 동작구 사당동 산 11번지 ,,일곱무지개 인형극회,,#N/A,#N/A
67,공연장,서울특별시 동작구 상도동 303-17번지 ,,삽,,#N/A,#N/A
68,공연장,서울특별시 동작구 상도동 375-4번지 ,서울특별시 동작구 국사봉1길 188  (상도동),꿈꾸러기,,37.49470223,126.9352331
69,공연장,서울특별시 동작구 신대방동 470-8번지 한성(아) 1004-204 ,"서울특별시 동작구 여의대방로10길 13  (신대방동,한성(아) 1004-204)",독창회,,37.49556797,126.9152403
70,공연장,서울특별시 동작구 사당동 180-40번지 ,서울특별시 동작구 사당로23사길 44  (사당동),밀라노,,37.49140718,126.9687792
71,공연장,서울특별시 동작구 노량진동 231-170번지 ,서울특별시 동작구 장승배기로 126  (노량진동),백수광부,,37.50866628,126.9403552
72,공연장,서울특별시 동작구 사당동 105번지 ,,김문애 부동산,,37.48969463,126.9756501
73,공연장,서울특별시 동작구 상도동 184-147번지 ,서울특별시 동작구 장승배기로9라길 18  (상도동),날개,,37.50267561,126.9377911
74,공연장,서울특별시 동작구 사당동 145-2번지 ,서울특별시 동작구 동작대로 109  (사당동),이수 소극장,,37.48624764,126.981661
75,공연장,서울특별시 동작구 상도1동 325-11번지 ,서울특별시 동작구 상도로47바길 2  (상도1동),극산 산맥,,37.50319197,126.9520666
76,공연장,서울특별시 동작구 상도동 229-1번지 ,서울특별시 동작구 양녕로25사길 26  (상도동),뮤직 파라솔 최형호,,37.49798668,126.9405649
77,공연장,서울특별시 동작구 흑석동 40-12번지 ,,유정재 무용단,,#N/A,#N/A
78,공연장,서울특별시 동작구 사당동 1015-45번지 ,서울특별시 동작구 동작대로13길 42-5  (사당동),가스펠,,37.48220411,126.9770901
79,공연장,서울특별시 동작구 상도동 210번지 ,,엔테오스,,#N/A,#N/A
80,공연장,서울특별시 동작구 흑석동 143-3번지 ,서울특별시 동작구 흑석로17길 47  (흑석동),서울 동화 프로덕션,,37.51086691,126.9614071
81,공연장,서울특별시 동작구 사당동 79-40번지 ,서울특별시 동작구 동작대로33가길 16-3  (사당동),하모니챔버오케스트라,,37.4901996,126.9799367
82,공연장,서울특별시 동작구 사당동 73-23번지 ,서울특별시 동작구 동작대로33다길 12-3  (사당동),한국성악회,,37.49038526,126.9811448
83,공연장,서울특별시 동작구 상도동 26-25번지 ,,레바스앙상블,,#N/A,#N/A
84,공연장,서울특별시 동작구 사당동 200-1번지 ,서울특별시 동작구 사당로 143 (사당동),콘서트홀,,37.48918318,126.9666399
85,공연장,서울특별시 동작구 상도동 170-26번지 ,서울특별시 동작구 상도로30길 8 (상도동),국화소극장,,37.50477683,126.9412678
86,공연장,서울특별시 동작구 사당동 58-107번지 ,,황무봉 예술단,,#N/A,#N/A
87,공연장,서울특별시 동작구 노량진동 249-22번지 ,서울특별시 동작구 노량진로10길 54  (노량진동),아세아나 가무단,,37.51104452,126.9378155
88,공연장,서울특별시 동작구 신대방동 359-1번지 ,서울특별시 동작구 여의대방로22사길 30  (신대방동),이화밴드 가무단,,37.49734394,126.9252586
89,공연장,서울특별시 동작구 상도동 36-10번지 ,서울특별시 동작구 상도로 253-19  (상도동),죠커스 악단,,37.5042423,126.9476743
90,공연장,서울특별시 동작구 사당동 169-3번지 ,,푸른 버들 민속 가무단,,#N/A,#N/A
91,공연장,서울특별시 동작구 신대방동 591-13번지 ,서울특별시 동작구 신대방길 108  (신대방동),한국 음악 예술 연구회,,37.49024605,126.9086739
92,공연장,서울특별시 동작구 상도1동 1-1번지 관악 현대 아파트 ,,임은경 귀국 피아노 독주회,,37.50741924,126.9521405
93,공연장,서울특별시 동작구 노량진동 41-11번지 ,,일호 극장,,#N/A,#N/A
94,공연장,서울특별시 동작구 노량진동 151-10번지 ,서울특별시 동작구 노량진로 171  (노량진동),일미일 소극장,,37.51406795,126.945133
95,공연장,서울특별시 동작구 대방동 13-22번지 ,서울특별시 동작구 등용로8길 66  (대방동),천사의 눈,,37.50688046,126.934358
96,공연장,서울특별시 동작구 상도동 1-1번지 대림 아파트 2-308 ,,중앙 무대,,37.50741924,126.9521405
97,공연장,서울특별시 동작구 신대방동 348-125번지 ,서울특별시 동작구 국사봉2가길 20  (신대방동),코리아나 오케스트라,,37.49755222,126.9292945
98,공연장,서울특별시 동작구 대방동 369-21번지 ,,한국고전기타 연주회,,#N/A,#N/A
99,공연장,서울특별시 동작구 노량진동 292-7번지 ,서울특별시 동작구 노량진로6길 78  (노량진동),사군자,,37.50968104,126.9366413
100,공연장,서울특별시 동작구 노량진동 119-134번지 ,서울특별시 동작구 노량진로16길 44  (노량진동),인하대학교 고전기타회 OB,,37.51181122,126.9438246
101,공연장,서울특별시 동작구 신대방동 400번지 ,,중국 장애인 예술단 초청공연,,#N/A,#N/A
102,공연장,서울특별시 동작구 사당동 206-105번지 ,서울특별시 동작구 사당로4길 7-9  (사당동),김상건 민족 예술단,,37.48716504,126.9667664
103,공연장,서울특별시 동작구 사당동 산 17번지 극동 101-206 ,,성기훈독창회,,#N/A,#N/A
104,공연장,서울특별시 동작구 동작동 102-29번지 ,서울특별시 동작구 동작대로43길 11  (동작동),우리가곡 연구회,,37.49668242,126.9818328
105,공연장,서울특별시 동작구 신대방동 584-8번지 ,서울특별시 동작구 신대방16나길 17  (신대방동),홍운철 실내악단,,37.49183964,126.9095872
106,공연장,서울특별시 동작구 사당동 1번지 대림 A 2-1501 ,,김수정 음악회,,#N/A,#N/A
107,공연장,서울특별시 동작구 사당동 220-55번지 ,서울특별시 동작구 사당로 189-1  (사당동),센무회,,37.48550141,126.9697476
108,공연장,서울특별시 동작구 대방동 391-179번지 ,서울특별시 동작구 대방동3길 22  (대방동),김영희 귀국 독창회,,37.50126309,126.9263169
109,공연장,서울특별시 동작구 상도동 134-96번지 ,,장선희 발레단,,#N/A,#N/A
110,공연장,서울특별시 동작구 흑석동 231-3번지 ,서울특별시 동작구 서달로 129-2  (흑석동),오느름 국악 실내 악단,,37.50517587,126.9608107
111,공연장,서울특별시 동작구 대방동 86-12번지 ,,백무현 가무단,,#N/A,#N/A
112,공연장,서울특별시 동작구 상도동 214-1번지 상도 빌라  A동 202호 ,,미래 악회,,37.49578472,126.9448599
113,공연장,서울특별시 동작구 사당동 130-22번지 ,서울특별시 동작구 동작대로27길 34  (사당동),이양순 피아노 리싸이틀,,37.48760963,126.9801104
114,공연장,서울특별시 동작구 흑석동 143-1번지 ,서울특별시 동작구 현충로 52  (흑석동),설진히 독창회,,37.51092933,126.9613472
115,공연장,서울특별시 동작구 사당동 1044-37번지 ,서울특별시 동작구 동작대로1길 27  (사당동),광인 성악 연구회,,37.477226,126.9798468
116,공연장,서울특별시 동작구 사당동 252-6번지 ,서울특별시 동작구 사당로13길 18  (사당동),티엔씨,,37.48495483,126.9725981
117,공연장,서울특별시 동작구 신대방동 341-110번지 ,,친구들,,#N/A,#N/A
118,공연장,서울특별시 동작구 대방동 404-35번지 ,,휘이벤트,,#N/A,#N/A
119,공연장,서울특별시 동작구 상도동 214-356번지 ,서울특별시 동작구 양녕로26나길 29  (상도동),김지혜 바이올린 독주회,,37.49708701,126.9455888
120,공연장,서울특별시 동작구 상도1동 1044-37번지 ,,김윤경,,#N/A,#N/A
121,공연장,서울특별시 동작구 노량진동 265-5번지 ,,김현수 악단,,#N/A,#N/A
122,공연장,서울특별시 동작구 상도동 58-7번지 ,,고려오페라단,,#N/A,#N/A
123,공연장,서울특별시 동작구 대방동 1번지 현대 103-105 ,"서울특별시 동작구 등용로 40-2  (대방동,현대 103-105)",서경숙 귀국 피아노 독주회,,37.50585872,126.9343546
124,공연장,서울특별시 동작구 상도1동 58-7번지 ,,신고려오페라단,,#N/A,#N/A
125,공연장,서울특별시 동작구 사당동 91-129번지 ,서울특별시 동작구 동작대로29나길 15  (사당동),극단 무궁화,,37.48875322,126.980326
126,공연장,서울특별시 동작구 상도1동 510번지 상원 빌라 가 102 ,"서울특별시 동작구 매봉로 49-1  (상도1동,상원 빌라 가 102)",DACOM 천리안 연극마당 동호회,,37.50718035,126.9513895
127,공연장,서울특별시 동작구 상도동 56-169번지 ,,예술기획,,#N/A,#N/A
128,공연장,서울특별시 동작구 대방동 502번지 현대 아파트 101동 2105 ,,꼴로르 현악 4중주단,,37.5126765,126.9308217
129,공연장,서울특별시 동작구 흑석동 28번지 한강 현대A 상가 301 ,,김유봉류 봉산 탈춤 보존회,,37.50700826,126.9697288
130,공연장,서울특별시 동작구 노량진동 1번지 우성A 105-301 ,,윤덕경 무용단,,#N/A,#N/A
131,공연장,서울특별시 동작구 사당동 1032-9번지 ,서울특별시 동작구 동작대로5길 16  (사당동),도깨비 나라 인형극단,,37.47913311,126.9806252
132,공연장,서울특별시 동작구 신대방동 618-155번지 ,서울특별시 동작구 신대방4길 12  (신대방동),극단 이지,,37.48845191,126.9119293
133,공연장,서울특별시 동작구 상도1동 246-2번지 ,,기음회,,#N/A,#N/A
134,공연장,서울특별시 동작구 상도동 262-2번지 ,서울특별시 동작구 성대로12길 8  (상도동),음악 예술 학회,,37.49725951,126.9353217
135,공연장,서울특별시 동작구 상도동 산 65번지 ,,대한 청소년 문학 협회,,#N/A,#N/A
136,공연장,서울특별시 동작구 사당동 262-8번지 문경 빌라 2층 ,"서울특별시 동작구 사당로13길 36  (사당동,문경 빌라 2층)",극단 교주,,37.48566363,126.9720997
137,공연장,서울특별시 동작구 사당동 산 31-3번지 ,,총신 대학,,37.49087911,126.9671821
138,공연장,서울특별시 동작구 흑석동 28번지 한강 아파트 상가 3층 ,,한양 발레 아카데미,,37.50700826,126.9697288
139,공연장,서울특별시 동작구 사당동 141-234번지 ,서울특별시 동작구 사당로29다길 8  (사당동),서울 초등 교사 풍물 연구회[훈장],,37.48688209,126.9792188
140,공연장,서울특별시 동작구 신대방동 348-125번지 ,서울특별시 동작구 국사봉2가길 20  (신대방동),한국 뮤지컬 협회,,37.49755222,126.9292945
141,공연장,서울특별시 동작구 신대방동 1-1번지 우성 아파트 10-1903 ,,한국 작곡가회,,#N/A,#N/A
142,공연장,서울특별시 동작구 사당동 1-1번지 극동 아파트 102-1104 ,,백연옥발레단,,#N/A,#N/A
143,공연장,서울특별시 동작구 본동 148-2번지 극동A 604호 ,,박미리파리프 오른간 독주회,,37.51152513,126.9519399
144,공연장,서울특별시 동작구 상도동 195-38번지 ,서울특별시 동작구 상도로22길 14-5  (상도동),극단예인,,37.50243904,126.9364989
145,공연장,서울특별시 동작구 상도동 1050-31번지 ,,박미라 파이프 오르간 독주회,,#N/A,#N/A
146,공연장,서울특별시 동작구 상도1동 1번지 상도 빌라 A동 202호 ,,백병동 작곡 발표회,,#N/A,#N/A
147,공연장,서울특별시 동작구 노량진동 304-39번지 ,서울특별시 동작구 장승배기로27라길 12  (노량진동),하나김 가무단,,37.50908059,126.9383015
148,공연장,서울특별시 동작구 상도동 154-5번지 맥산 BD ,"서울특별시 동작구 상도로34나길 9  (상도동,맥산 BD)",전통예술 연구완(풍물패 울림),,37.50399516,126.9460845
149,공연장,서울특별시 동작구 상도동 56-169번지 ,,극단 예군,,#N/A,#N/A
150,공연장,서울특별시 동작구 상도동 184-266번지 ,서울특별시 동작구 장승배기로7길 22  (상도동),극단 사람,,37.50160977,126.939619
151,공연장,서울특별시 동작구 대방동 335-25번지 ,서울특별시 동작구 상도로 73  (대방동),하나로 21,,37.49990272,126.9289166
152,노래연습장업,서울특별시 동작구 신대방동 607-14번지 지층 ,"서울특별시 동작구 신대방길 107 (신대방동,지층)",따봉노래연습장,,37.49013464,126.9084949
153,노래연습장업,서울특별시 동작구 노량진동 311-20번지 2층 ,"서울특별시 동작구 장승배기로 110-1 (노량진동,2층)",앵콜노래연습장,,37.50742667,126.9401621
154,노래연습장업,서울특별시 동작구 노량진동 271-7번지 지하 ,"서울특별시 동작구 노량진로6길 18 (노량진동,지하)",란노래연습장,,37.51227353,126.9357087
155,노래연습장업,서울특별시 동작구 신대방동 350-9번지 ,서울특별시 동작구 보라매로 99 (신대방동),무조건 노래연습장,,37.49816552,126.9277807
156,노래연습장업,서울특별시 동작구 노량진동 272-4번지 ,서울특별시 동작구 노량진로6길 26  (노량진동),생방송노래방(연소자실6),,37.51194243,126.9355784
157,노래연습장업,서울특별시 동작구 사당동 84-10번지 지층 ,"서울특별시 동작구 동작대로33가길 8  (사당동,지층)",에이스노래연습장,,37.48992001,126.9818741
158,노래연습장업,서울특별시 동작구 사당동 89-69번지 지층 ,"서울특별시 동작구 동작대로29길 18  (사당동,지층)",디노사이버,,37.48825254,126.9808959
159,노래연습장업,서울특별시 동작구 사당동 1019-1번지 ,서울특별시 동작구 동작대로13길 7  (사당동),태양노래방,,37.48162284,126.9809564
160,노래연습장업,서울특별시 동작구 사당동 145-23번지 ,서울특별시 동작구 동작대로25길 9-8  (사당동),열린노래연습장,,37.48604172,126.9813725
161,노래연습장업,서울특별시 동작구 대방동 43-2번지 지층 ,"서울특별시 동작구 등용로14길 44 (대방동,지층)",뱅크노래연습장,,37.51197711,126.9339258
162,노래연습장업,서울특별시 동작구 신대방동 607-24번지 ,서울특별시 동작구 신대방길 95  (신대방동),훼미리노래방,,37.48979697,126.9089963
163,노래연습장업,서울특별시 동작구 흑석동 223-1번지 (3층) ,"서울특별시 동작구 흑석로 94 (흑석동,(3층))",K-2-2 노래연습장,,37.50726305,126.9599876
164,노래연습장업,서울특별시 동작구 흑석동 181-11번지 ,서울특별시 동작구 흑석로 111  (흑석동),S.F. 노래연습장,,37.50856432,126.9612099
165,노래연습장업,서울특별시 동작구 사당동 89-69번지 지층 ,"서울특별시 동작구 동작대로29길 18  (사당동,지층)",킹노래연습장,,37.48825254,126.9808959
166,노래연습장업,서울특별시 동작구 신대방동 362-31번지 지하1층 ,"서울특별시 동작구 여의대방로24길 30 (신대방동,지하1층)",프라하 노래연습장,,37.49783424,126.9217345
167,노래연습장업,서울특별시 동작구 상도동 463번지 지층 ,"서울특별시 동작구 상도로 321  (상도동,지층)",골든벨노래연습장,,37.49947515,126.9512252
168,노래연습장업,서울특별시 동작구 상도동 179-12번지 32통3반 2층 ,,오백냥노래연습장,,37.50433085,126.939696
169,노래연습장업,서울특별시 동작구 상도동 324-42번지 13통2반 ,서울특별시 동작구 국사봉1길 33  (상도동),네박자노래연습장,,37.49914159,126.9303516
170,노래연습장업,서울특별시 동작구 상도동 324-72번지 ,서울특별시 동작구 국사봉1길 11  (상도동),궁전노래연습장,,37.49901542,126.9292328
171,노래연습장업,서울특별시 동작구 상도동 347-10번지 22통5반 지하 ,"서울특별시 동작구 상도로 114 (상도동,지하)",특급노래연습장,,37.50095139,126.9330616
172,노래연습장업,서울특별시 동작구 사당동 89-10번지 지하1층 ,"서울특별시 동작구 동작대로29가길 20  (사당동,지하1층)",으랏차차 노래연습장,,37.488893,126.9816373
173,노래연습장업,서울특별시 동작구 사당동 1041-11번지 지하1층 ,"서울특별시 동작구 남부순환로271길 14 (사당동,지하1층)",보스노래연습장,,37.47743553,126.9801189
174,노래연습장업,서울특별시 동작구 사당동 1041-36번지 ,서울특별시 동작구 사당로30길 148  (사당동),제일노래연습장,,37.4782776,126.9806069
175,노래연습장업,서울특별시 동작구 사당동 1038-25번지 지하 ,"서울특별시 동작구 동작대로7길 80  (사당동,지하)",큐노래연습장,,37.47788031,126.9783114
176,노래연습장업,서울특별시 동작구 사당동 1031-1번지 지층 ,"서울특별시 동작구 동작대로7길 11  (사당동,지층)",호박노래연습장,,37.4798247,126.9809812
177,노래연습장업,서울특별시 동작구 노량진동 309-19번지 2층 ,"서울특별시 동작구 장승배기로 118 (노량진동,2층)",에이스노래연습장,,37.50799903,126.9402526
178,노래연습장업,서울특별시 동작구 신대방동 607-58번지 2층 ,"서울특별시 동작구 신대방길 113 (신대방동,2층)",땡큐노래연습장,,37.49025681,126.9082623
179,노래연습장업,서울특별시 동작구 사당동 86-9번지 지층 ,"서울특별시 동작구 동작대로 129 (사당동,지층)",SBS노래연습장,,37.48831253,126.9819351
180,노래연습장업,서울특별시 동작구 사당동 1006-12번지 지하1층 ,"서울특별시 동작구 동작대로21길 16 (사당동,지하1층)",연지노래연습장,,37.4839486,126.9808797
181,노래연습장업,서울특별시 동작구 상도동 486-8번지 지층 ,"서울특별시 동작구 상도로37길 80  (상도동,지층)",유쾌한 노래연습장,,37.49736377,126.9533248
182,노래연습장업,서울특별시 동작구 사당동 1045-8번지 지층 ,"서울특별시 동작구 남부순환로 2061 (사당동,지층)",알파고노래연습장,,37.47700288,126.977712
183,노래연습장업,서울특별시 동작구 사당동 1042-6번지 지1층 ,"서울특별시 동작구 사당로30길 163 (사당동,지1층)",이슈,,37.4774997,126.9807792
184,노래연습장업,서울특별시 동작구 사당동 139-72번지 지층 ,"서울특별시 동작구 동작대로27가길 12 (사당동,지층)",K2 노래연습장,,37.4871163,126.9810402
185,노래연습장업,서울특별시 동작구 상도동 365-2번지 지하1층 ,서울특별시 동작구 상도로 174 (상도동),앵무새노래연습실(연소자실2),,37.50431026,126.9383941
186,노래연습장업,서울특별시 동작구 신대방동 607-5번지 ,서울특별시 동작구 시흥대로 658 (신대방동),청개구리노래연습장,,37.49035743,126.9081077
187,노래연습장업,서울특별시 동작구 신대방동 694-1번지 지층 ,"서울특별시 동작구 대림로 41  (신대방동,지층)",평화노래연습장,,37.48743154,126.908516
188,노래연습장업,서울특별시 동작구 본동 203-0번지 ,서울특별시 동작구 노량진로18길 31 (본동),나룻터노래연습장,,37.51223238,126.9514076
189,노래연습장업,서울특별시 동작구 노량진동 117-24번지 ,서울특별시 동작구 만양로 104  (노량진동),짱노래연습장,,37.51282167,126.9445302
190,노래연습장업,서울특별시 동작구 사당동 139-71번지 (지층) ,"서울특별시 동작구 동작대로27가길 11 (사당동,(지층))",오디션 노래연습장,,37.48710633,126.9812333
191,노래연습장업,서울특별시 동작구 사당동 139-52번지 지층 ,"서울특별시 동작구 동작대로27다길 9  (사당동,지층)",쿨노래연습장(연소자실7),,37.48718614,126.9805819
192,노래연습장업,서울특별시 동작구 사당동 168-63번지 지층 ,"서울특별시 동작구 사당로23길 148 (사당동,지층)",아하노래연습장,,37.48907807,126.9720128
193,노래연습장업,서울특별시 동작구 사당동 317-1번지 지층 ,"서울특별시 동작구 사당로16길 21  (사당동,지층)",시작 노래연습장,,37.48241874,126.973284
194,노래연습장업,서울특별시 동작구 신대방동 588-6번지 지층 ,"서울특별시 동작구 신대방길 116 (신대방동,지층)",골드노래연습장,,37.49055915,126.9083273
195,노래연습장업,서울특별시 동작구 사당동 132-15번지 ,서울특별시 동작구 동작대로27길 16-4  (사당동),파티노래연습장,,37.48772587,126.9812632
196,노래연습장업,서울특별시 동작구 사당동 265-18번지 지층 ,"서울특별시 동작구 사당로 229-1 (사당동,지층)",불타는노래연습장,,37.48368714,126.9734887
197,노래연습장업,서울특별시 동작구 사당동 265-47번지 지층 ,"서울특별시 동작구 사당로16길 18 (사당동,지층)",스타노래연습장,,37.48271056,126.9732115
198,노래연습장업,서울특별시 동작구 대방동 417-2번지 ,서울특별시 동작구 여의대방로 134-1  (대방동),신바람노래연습장,,37.49904099,126.9207001
199,노래연습장업,서울특별시 동작구 신대방동 395-69번지 보라매아카데미타워 ,"서울특별시 동작구 보라매로5가길 16  (신대방동,보라매아카데미타워)",홍콩노래연습장,,37.4913316,126.9241048
200,노래연습장업,서울특별시 동작구 신대방동 344-40번지 ,서울특별시 동작구 보라매로 67 (신대방동),앵콜노래연습장,,37.49539081,126.9272494
201,노래연습장업,서울특별시 동작구 신대방동 351-5번지 2층 ,"서울특별시 동작구 보라매로 105  (신대방동,2층)",SBS노래연습장,,37.49868016,126.9277608
202,노래연습장업,서울특별시 동작구 상도1동 747-3번지 ,서울특별시 동작구 상도로 274  (상도1동),KBS노래연습장,,37.50287134,126.9475083
203,노래연습장업,서울특별시 동작구 상도1동 792-0번지 지하 ,서울특별시 동작구 상도로41길 7 (상도1동),보가코인 노래연습장,,37.50173424,126.9495004
204,노래연습장업,서울특별시 동작구 노량진동 97-1번지 ,"서울특별시 동작구 노량진로16길 14, 지층 (노량진동)",에너지코인노래연습장,,37.51298062,126.9435992
205,노래연습장업,서울특별시 동작구 노량진동 117-15번지 ,서울특별시 동작구 만양로 110 (노량진동),노래야노래야 코인노래연습장(노량진점),,37.51319148,126.944418
206,노래연습장업,서울특별시 동작구 상도1동 759번지 도미노스 ,"서울특별시 동작구 양녕로 262, 3층 (상도1동)",로로코인노래연습장,,37.50318478,126.9482726
207,노래연습장업,서울특별시 동작구 노량진동 119-74번지 광보한의원 ,서울특별시 동작구 만양로 89-1 (노량진동),팍스코인노래연습장,,37.51149667,126.9441754
208,노래연습장업,서울특별시 동작구 흑석동 190-27번지 지층 ,"서울특별시 동작구 흑석로13가길 42 (흑석동,지층)",코러스노래연습장,,37.50756086,126.9595415
209,노래연습장업,서울특별시 동작구 사당동 144-16번지 ,서울특별시 동작구 동작대로25길 41  (사당동),일번지노래연습장,,37.4853073,126.9802191
210,노래연습장업,서울특별시 동작구 상도동 323-17번지 지층 ,"서울특별시 동작구 국사봉1길 12  (상도동,지층)",i럭셔리노래연습장,,37.49879207,126.92926
211,노래연습장업,서울특별시 동작구 신대방동 395-69번지 보라매아카데미타워6층 601호,"서울특별시 동작구 보라매로5가길 16,  601호 (신대방동,보라매아카데미타워6층)",스핑크스 노래연습장,,37.4913316,126.9241048
212,노래연습장업,서울특별시 동작구 신대방동 692-52번지 지층 ,"서울특별시 동작구 대림로 12  (신대방동,지층)",짱노래연습장,,37.48755833,126.9118626
213,노래연습장업,서울특별시 동작구 상도동 328-10번지 ,서울특별시 동작구 국사봉1길 4  (상도동),타임,,37.49878113,126.9288995
214,노래연습장업,서울특별시 동작구 상도동 492-21번지 ,서울특별시 동작구 상도로62길 25 (상도동),MBC 노래연습장,,37.49543112,126.9535558
215,노래연습장업,서울특별시 동작구 상도동 256-43번지 ,서울특별시 동작구 성대로 46  (상도동),뉴스타 노래연습장,,37.49874939,126.9334956
216,노래연습장업,서울특별시 동작구 사당동 708-459번지 ,서울특별시 동작구 동작대로25길 40 (사당동),탈렌트 노래연습장,,37.48552327,126.9802016
217,노래연습장업,서울특별시 동작구 사당동 1041-31번지 ,서울특별시 동작구 사당로30길 150 (사당동),딱조아 노래연습장,,37.47815225,126.9804943
218,노래연습장업,서울특별시 동작구 신대방동 694-10번지 지하 1층 ,"서울특별시 동작구 대림로 33-1 (신대방동,지하 1층)",홍 노래연습장,,37.48706552,126.9092879
219,노래연습장업,서울특별시 동작구 사당동 89-26번지 지층 ,"서울특별시 동작구 동작대로29가길 23  (사당동,지층)",코리아 노래연습장,,37.48896009,126.981394
220,노래연습장업,서울특별시 동작구 상도1동 638-2번지 지하 1층 ,"서울특별시 동작구 양녕로 282-1 (상도1동,지하 1층)",신바람노래연습장,,37.50439243,126.9504389
221,노래연습장업,서울특별시 동작구 사당동 139-87번지 지하1층 ,"서울특별시 동작구 동작대로27가길 6-4 (사당동,지하1층)",119노래연습장,,37.48684417,126.9809094
222,노래연습장업,서울특별시 동작구 사당동 1042-7번지 지하1층 ,"서울특별시 동작구 동작대로1길 12  (사당동,지하1층)",네트노래연습장,,37.47740167,126.9807741
223,노래연습장업,서울특별시 동작구 대방동 417-2번지 지상 2층 ,"서울특별시 동작구 여의대방로 134-1  (대방동,지상 2층)",신바람2노래연습장,,37.49904099,126.9207001
224,노래연습장업,서울특별시 동작구 사당동 254-5번지 지하 ,"서울특별시 동작구 사당로 218-1  (사당동,지하)",테마파티 노래연습장,,37.48398461,126.9721328
225,노래연습장업,서울특별시 동작구 대방동 416-3번지 ,서울특별시 동작구 여의대방로24가길 16 (대방동),소리샘노래연습장,,37.49903942,126.9211725
226,노래연습장업,서울특별시 동작구 노량진동 313-94번지 ,서울특별시 동작구 장승배기로19길 19  (노량진동),상록수노래연습장,,37.50809133,126.9389064
227,노래연습장업,서울특별시 동작구 노량진동 40-32번지 지층 ,"서울특별시 동작구 노량진로12길 8 (노량진동,지층)",사계절노래연습장,,37.51288247,126.9383206
228,노래연습장업,서울특별시 동작구 노량진동 258-42번지 지층 ,"서울특별시 동작구 노량진로8길 40  (노량진동,지층)",파티파티노래연습장,,37.51241762,126.9374239
229,노래연습장업,서울특별시 동작구 노량진동 41-5번지 ,서울특별시 동작구 노량진로 110 (노량진동),SBS노래연습장,,37.51320028,126.9380238
230,노래연습장업,서울특별시 동작구 상도동 368-14번지 지층 ,"서울특별시 동작구 상도로 178, 지층 (상도동, 최안과)",뉴스타노래연습장,,37.50437847,126.938746
231,노래연습장업,서울특별시 동작구 상도동 373-72번지 ,서울특별시 동작구 상도로30길 2  (상도동),큐 노래연습장,,37.50494789,126.9408227
232,노래연습장업,서울특별시 동작구 노량진동 118-5번지 ,서울특별시 동작구 만양로 100 (노량진동),OK,,37.5123449,126.944421
233,노래연습장업,서울특별시 동작구 사당동 1032-29번지 ,서울특별시 동작구 사당로30길 142 (사당동),신세계노래연습장,,37.47856033,126.980546
234,노래연습장업,서울특별시 동작구 사당동 1008-16번지 지하1층 ,"서울특별시 동작구 동작대로 69 (사당동,지하1층)",대박노래연습장,,37.48268486,126.9815444
235,노래연습장업,서울특별시 동작구 사당동 1043-9번지 외1(지하1층) ,"서울특별시 동작구 동작대로1길 9-1 (사당동,외1(지하1층))",까치노래연습장,,37.47708145,126.980793
236,노래연습장업,서울특별시 동작구 사당동 150-10번지 지하1층 ,"서울특별시 동작구 사당로 283  (사당동,지하1층)",토마토노래연습장,,37.48456581,126.9789187
237,노래연습장업,서울특별시 동작구 사당동 152-2번지 ,서울특별시 동작구 사당로 279  (사당동),해피데이,,37.48445338,126.9784546
238,노래연습장업,서울특별시 동작구 상도동 325-4번지 지층 ,"서울특별시 동작구 상도로 96  (상도동,지층)",서울노래연습장,,37.49992723,126.9313629
239,노래연습장업,서울특별시 동작구 사당동 1031-27번지 12통4반 지층 ,"서울특별시 동작구 동작대로 21  (사당동,지층)",현대노래연습장,,37.47849252,126.9813505
240,노래연습장업,서울특별시 동작구 노량진동 40-39번지 ,서울특별시 동작구 노량진로12길 12-6 (노량진동),진진노래연습장,,37.51287288,126.938059
241,노래연습장업,서울특별시 동작구 상도동 502-4번지 ,"서울특별시 동작구 사당로 18, 지층 (상도동)",리코스타 코인 노래연습장(숭실대2호점),,37.49522023,126.956244
242,노래연습장업,서울특별시 동작구 신대방동 361-55번지 지층 ,"서울특별시 동작구 여의대방로22길 78 (신대방동,지층)",쿨노래연습장,,37.49769843,126.9243172
243,노래연습장업,서울특별시 동작구 노량진동 261-4번지 지층 ,"서울특별시 동작구 노량진로8길 20, 지층 (노량진동, 안정모치과)",뮤직박스 코인노래연습장,,37.51259199,126.936443
244,노래연습장업,서울특별시 동작구 상도동 365-7번지 지층 ,"서울특별시 동작구 상도로15길 120 (상도동,지층)",자기야노래연습장,,37.50458642,126.9373556
245,노래연습장업,서울특별시 동작구 사당동 1041-5번지 지하 1층 ,"서울특별시 동작구 남부순환로271길 24  (사당동,지하 1층)",라이브노래연습장,,37.47797002,126.9802044
246,노래연습장업,서울특별시 동작구 상도1동 793-1번지 지층 ,서울특별시 동작구 상도로 293 (상도1동),나가수노래연습장,,37.50164768,126.9493453
247,노래연습장업,서울특별시 동작구 노량진동 258-20번지 지층 ,서울특별시 동작구 노량진로10길 28 (노량진동),베토벤노래연습장,,37.51217425,126.937405
248,노래연습장업,서울특별시 동작구 상도동 477-16번지 지하 ,"서울특별시 동작구 상도로37길 72  (상도동,지하)",축제노래연습장,,37.49803551,126.9527403
249,노래연습장업,서울특별시 동작구 사당동 1031-30번지 지하 1층 ,서울특별시 동작구 동작대로 29 (사당동),궁전노래연습장,,37.47913025,126.9813106
250,노래연습장업,서울특별시 동작구 신대방동 690-8번지 지하 1층 ,서울특별시 동작구 대림로 40-1 (신대방동),청와대노래연습장,,37.48758524,126.9089615
251,노래연습장업,서울특별시 동작구 노량진동 148-65번지 ,"서울특별시 동작구 만양로18길 11, 지층 (노량진동)",동네스타노래연습장,,37.51322908,126.9450481
252,노래연습장업,서울특별시 동작구 사당동 132-20번지 ,"서울특별시 동작구 동작대로27길 16-5, 2층 (사당동)",락휴코인노래연습장이수점,,37.48776583,126.981
253,노래연습장업,서울특별시 동작구 상도동 190-3번지 ,"서울특별시 동작구 상도로 136, 지층 (상도동)",월드노래연습장,,37.50215434,126.9348706
254,노래연습장업,서울특별시 동작구 대방동 416-4번지 ,"서울특별시 동작구 여의대방로24가길 22, 3층 (대방동)",일번지노래연습장,,37.49921529,126.9211749
255,노래연습장업,서울특별시 동작구 상도동 363-11번지 ,"서울특별시 동작구 등용로 9, 지하1층 (상도동)",쟁반노래연습장,,37.50495375,126.9370051
256,노래연습장업,서울특별시 동작구 사당동 1042-8번지 ,"서울특별시 동작구 동작대로1길 8, 지하1층 (사당동)",팡팡노래연습장,,37.47740008,126.9809617
257,노래연습장업,서울특별시 동작구 상도동 255-3번지 ,"서울특별시 동작구 성대로 35, 2층 (상도동)",딱이야노래연습장,,37.49923705,126.9333934
258,노래연습장업,서울특별시 동작구 사당동 1006-10번지 ,"서울특별시 동작구 동작대로23길 17, 지층 (사당동)",나성 노래연습장,,37.48408985,126.9807311
259,노래연습장업,서울특별시 동작구 흑석동 195-17번지 ,"서울특별시 동작구 흑석로 81, 3층 (흑석동)",잇츠코인노래연습장,,37.50706425,126.9585891
260,노래연습장업,서울특별시 동작구 노량진동 73-3번지 ,서울특별시 동작구 노량진로 152-1 (노량진동),코인노래연습장,,37.51345176,126.9428576
261,노래연습장업,서울특별시 동작구 신대방동 345-3번지 2호2층 ,"서울특별시 동작구 보라매로 93 (신대방동, 2호 2층)",필하모니노래연습장,,37.4977037,126.9276953
262,노래연습장업,서울특별시 동작구 상도동 354-20번지 지상 2층 ,"서울특별시 동작구 상도로 129 (상도동,지상 2층)",쌍쌍노래연습장,,37.5020783,126.9340705
263,노래연습장업,서울특별시 동작구 신대방동 361-3번지 지하 ,"서울특별시 동작구 여의대방로24길 52  (신대방동,지하)",우리노래연습장,,37.49798753,126.9231507
264,노래연습장업,서울특별시 동작구 사당동 139-30번지 지하 1층 ,"서울특별시 동작구 동작대로27길 5 (사당동,지하 1층)",리코스타 코인노래연습장 이수점,,37.48733712,126.9814933
265,노래연습장업,서울특별시 동작구 신대방동 347-2번지 지하 1층 ,"서울특별시 동작구 국사봉길 12 (신대방동,지하 1층)",끌리오노래연습장,,37.49850188,126.9286869
266,노래연습장업,서울특별시 동작구 흑석동 190-35번지 ,"서울특별시 동작구 흑석로9길 7, 지층 (흑석동)",RICOSTAR코인노래연습장 중앙대점,,37.50756876,126.9597243
267,노래연습장업,서울특별시 동작구 상도동 502-1번지 ,"서울특별시 동작구 상도로67길 31, 지층 (상도동)",RICOSTAR코인노래연습장 숭실대점,,37.49503918,126.9564088
268,노래연습장업,서울특별시 동작구 상도1동 702번지 주유노빌딩 ,"서울특별시 동작구 상도로 264, 주유노빌딩 B1호 (상도1동)",Zicoin노래연습장,,37.50357729,126.9471271
269,노래연습장업,서울특별시 동작구 사당동 1006-31번지 지하1층 ,"서울특별시 동작구 동작대로19길 16 (사당동,지하1층)",궁전노래연습장,,37.48354963,126.9808668
270,노래연습장업,서울특별시 동작구 사당동 1044-1번지 ,서울특별시 동작구 남부순환로269길 8  (사당동),바다 노래연습장,,37.47713828,126.9785455
271,노래연습장업,서울특별시 동작구 신대방동 377-1번지 ,서울특별시 동작구 여의대방로24길 10-4 (신대방동),원투쓰리,,37.49801544,126.9206639
272,노래연습장업,서울특별시 동작구 상도동 489-9번지 ,서울특별시 동작구 상도로 370 (상도동),SBS 노래연습장,,37.49571987,126.95373
273,노래연습장업,서울특별시 동작구 상도동 185-1번지 지하 ,"서울특별시 동작구 상도로 162  (상도동,지하)",조은노래연습장,,37.50357571,126.9372676
274,노래연습장업,서울특별시 동작구 상도동 186-5번지 지하1층 ,"서울특별시 동작구 상도로 154  (상도동,지하1층)",오디션노래연습장,,37.50306589,126.9365316
275,노래연습장업,서울특별시 동작구 상도동 337-15번지 ,서울특별시 동작구 상도로 101  (상도동),5030 노래연습장,,37.50051245,126.9315401
276,노래연습장업,서울특별시 동작구 상도동 324-34번지 ,서울특별시 동작구 국사봉1길 37 (상도동),사랑노래연습장,,37.49916533,126.930583
277,노래연습장업,서울특별시 동작구 상도동 208-33번지 지층 ,"서울특별시 동작구 양녕로27길 6 (상도동,지층)",베토벤노래연습장,,37.49883605,126.943491
278,노래연습장업,서울특별시 동작구 상도동 248-14번지 2층 ,"서울특별시 동작구 성대로1길 4  (상도동,2층)",파크노래연습장,,37.5002459,126.9327456
279,노래연습장업,서울특별시 동작구 상도동 188-40번지 지층 ,"서울특별시 동작구 상도로 148 (상도동,지층)",디지털 노래연습장,,37.50269588,126.9359186
280,노래연습장업,서울특별시 동작구 상도1동 505-4번지 지층 ,,고고씽노래연습장,,37.49509392,126.9570342
281,노래연습장업,서울특별시 동작구 사당동 1032-33번지 ,서울특별시 동작구 동작대로3길 20 (사당동),팬클럽노래연습장,,37.47845731,126.9803503
282,노래연습장업,"서울특별시 동작구 신대방동 395-67번지 롯데타워 201호,202호 ","서울특별시 동작구 보라매로5길 51  (신대방동,롯데타워 201호,202호)",파크 노래연습장,,37.49078223,126.9232199
283,노래연습장업,서울특별시 동작구 사당동 1030-13번지 외 3필지 ,"서울특별시 동작구 동작대로7길 4 (사당동,외 3필지)",현대노래연습장,,37.48007297,126.9812986
284,노래연습장업,서울특별시 동작구 상도동 492-13번지 지하 1층 ,"서울특별시 동작구 상도로62길 37 (상도동,지하 1층)",고고노래연습장,,37.49589107,126.9533029
285,노래연습장업,서울특별시 동작구 사당동 1041-12번지 외 3 ,"서울특별시 동작구 동작대로1길 18 (사당동,외 3)",열창 노래연습장,,37.47743194,126.9802278
286,노래연습장업,서울특별시 동작구 사당동 1039-59번지 지층 ,"서울특별시 동작구 남부순환로271길 17 (사당동,지층)",와와노래연습장,,37.47758389,126.9799422
287,노래연습장업,서울특별시 동작구 사당동 139-1번지 5층 ,"서울특별시 동작구 동작대로27가길 6  (사당동,5층)",프로방스 노래연습장,,37.48731279,126.9809455
288,노래연습장업,서울특별시 동작구 사당동 1044-28번지 지층 ,"서울특별시 동작구 동작대로1길 33 (사당동,지층)",파파코노래연습장,,37.47723306,126.979508
289,노래연습장업,서울특별시 동작구 사당동 1044-37번지 지층 ,"서울특별시 동작구 동작대로1길 27 (사당동,지층)",원노래연습장,,37.477226,126.9798468
290,노래연습장업,서울특별시 동작구 사당동 147-64번지 지하1층 ,"서울특별시 동작구 사당로 302 (사당동,지하1층)",자이노래연습장,,37.48484587,126.9811639
291,노래연습장업,서울특별시 동작구 상도동 365-1번지 지층 ,서울특별시 동작구 상도로 179 (상도동),파파코노래연습장,,37.50473488,126.9383364
292,노래연습장업,서울특별시 동작구 사당동 139-55번지 ,서울특별시 동작구 동작대로27다길 11 (사당동),파티파티 노래연습장,,37.48708198,126.9805757
293,노래연습장업,서울특별시 동작구 상도동 315-8번지 ,서울특별시 동작구 성대로2길 9 (상도동),명성노래연습장,,37.49919646,126.9315807
294,노래연습장업,서울특별시 동작구 상도동 250-6번지 ,서울특별시 동작구 성대로 23  (상도동),휠,,37.49974221,126.9328544
295,노래연습장업,서울특별시 동작구 노량진동 44-16번지 ,서울특별시 동작구 노량진로 126 (노량진동),비타민노래연습장,,37.51322831,126.9397827
296,노래연습장업,서울특별시 동작구 사당동 268-4번지 지층 ,"서울특별시 동작구 사당로16가길 34 (사당동,지층)",짱노래연습장,,37.48342073,126.9716327
297,노래연습장업,서울특별시 동작구 사당동 1031-24번지 지하 2층 ,"서울특별시 동작구 동작대로3길 10 (사당동,지하 2층)",해성 노래연습장,,37.47846153,126.9808171
298,노래연습장업,서울특별시 동작구 상도동 210-36번지 지층 ,"서울특별시 동작구 양녕로26길 24  (상도동,지층)",팡팡노래방(연소자실5),,37.49756844,126.943911
299,노래연습장업,서울특별시 동작구 상도동 505-3번지 지하 ,"서울특별시 동작구 사당로 24-1 (상도동,지하)",고고씽R노래연습장,,37.49508018,126.9571369
300,노래연습장업,서울특별시 동작구 흑석동 184-89번지 5통5반 ,,아하,,#N/A,#N/A
301,노래연습장업,서울특별시 동작구 노량진동 36-3번지 지하1층 ,"서울특별시 동작구 노량진로8길 39, 지하1층 (노량진동)",가수코인노래연습장,,37.51262616,126.9374985
302,노래연습장업,서울특별시 동작구 상도동 324-57번지 ,"서울특별시 동작구 국사봉1길 21, 지층 (상도동, 광성빌딩)",청개구리 노래연습장,,37.49906633,126.9297022
303,노래연습장업,서울특별시 동작구 사당동 1031-27번지 ,"서울특별시 동작구 동작대로 21, 지층 (사당동, 양지빌딩)",스타코인노래연습장,,37.47849252,126.9813505
304,노래연습장업,서울특별시 동작구 사당동 257-27번지 ,"서울특별시 동작구 사당로17가길 16, 지층 (사당동, 영아탕(여관))",이화노래연습장,,37.48402636,126.9730506
305,노래연습장업,서울특별시 동작구 노량진동 95번지 ,"서울특별시 동작구 노량진로16길 16, 지층 (노량진동, 청암빌딩)",SBS노래연습장,,37.51284531,126.9434543
306,노래연습장업,서울특별시 동작구 상도동 504-6번지 ,"서울특별시 동작구 상도로61길 34, 지층 (상도동)",비트코인동전노래연습장,,37.49478434,126.9568034
307,노래연습장업,서울특별시 동작구 사당동 318-74번지 ,"서울특별시 동작구 사당로16길 15, 지층 (사당동)",불놀이야노래연습장,,37.48274615,126.9735951
308,노래연습장업,서울특별시 동작구 노량진동 119-144번지 ,"서울특별시 동작구 만양로 90-1 (노량진동, 예뜰미술학원)",샤우팅노래연습장,,37.51151457,126.944506
309,노래연습장업,서울특별시 동작구 사당동 249-84번지 사당동B상가 ,"서울특별시 동작구 사당로 200, 사당동B상가 (사당동)",코노코노 코인노래연습장,,37.48474969,126.9704082
310,노래연습장업,서울특별시 동작구 노량진동 59-29번지 ,"서울특별시 동작구 노량진로 144, 지층 (노량진동, 제일고시학원)",5s 동전노래연습장,,37.51342224,126.9418286
311,노래연습장업,서울특별시 동작구 흑석동 190-4번지 ,"서울특별시 동작구 흑석로9길 4, 2층 (흑석동)",K-POP 코인 노래연습장,,37.50767138,126.9599771
312,노래연습장업,서울특별시 동작구 상도동 314-16번지 2층 ,"서울특별시 동작구 성대로 18 (상도동, 도도음악학원)",짱코인노래연습장,,37.49961965,126.932504
313,노래연습장업,서울특별시 동작구 노량진동 114-5번지 ,"서울특별시 동작구 노량진로 162 (노량진동, 한주실업)",슈퍼밴드 코인 노래연습장,,37.51338649,126.9439221
314,노래연습장업,서울특별시 동작구 대방동 336-6번지 ,서울특별시 동작구 상도로 82 (대방동),준코인노래연습장,,37.49946619,126.9296856
315,노래연습장업,서울특별시 동작구 대방동 336-5번지 ,"서울특별시 동작구 상도로 84 (대방동, 동양빌딩)",보가코인 노래연습장,,37.49952178,126.9299824
316,노래연습장업,서울특별시 동작구 대방동 407-46번지 지하1층 ,"서울특별시 동작구 여의대방로24길 129  (대방동,지하1층)",디지털노래연습장,,37.49936259,126.9271812
317,노래연습장업,서울특별시 동작구 사당동 1019-17번지 (지하1층) ,"서울특별시 동작구 사당로30길 91  (사당동,(지하1층))",르네상스 노래연습장,,37.48073749,126.9808975
318,노래연습장업,서울특별시 동작구 사당동 130-1번지 (지하1층) ,"서울특별시 동작구 동작대로27길 20-6 (사당동,(지하1층))",허브 노래연습장,,37.48783789,126.9808682
319,노래연습장업,서울특별시 동작구 상도동 324-7번지 (지하1층) ,"서울특별시 동작구 성대로2길 12 (상도동,(지하1층))",어머나 노래연습장,,37.49942567,126.9312548
320,노래연습장업,서울특별시 동작구 상도1동 502-5번지 ,,짱 노래연습장,,37.49524341,126.9560783
321,노래연습장업,서울특별시 동작구 사당동 1040-3번지 지하 ,"서울특별시 동작구 동작대로7길 59 (사당동,지하)",천지 노래연습장,,37.47816708,126.9791902
322,노래연습장업,서울특별시 동작구 사당동 1033-37번지 ,서울특별시 동작구 동작대로7길 44 (사당동),25시노래방,,37.47900518,126.9795986
323,노래연습장업,서울특별시 동작구 노량진동 126-10번지 (지하1층) ,"서울특별시 동작구 만양로18길 22  (노량진동,(지하1층))",K2 노래연습장,,37.51297787,126.9454106
324,노래연습장업,서울특별시 동작구 상도동 192-45번지 (지하1층) ,"서울특별시 동작구 상도로 140 (상도동,(지하1층))",열린노래연습장,,37.50229787,126.9352031
325,노래연습장업,서울특별시 동작구 상도동 328-10번지 ,서울특별시 동작구 국사봉1길 4 (상도동),가수코인 노래연습장,,37.49878113,126.9288995
326,노래연습장업,서울특별시 동작구 사당동 134-3번지 ,서울특별시 동작구 동작대로 123 (사당동),뮤로이엔동전노래연습장,,37.48771235,126.981847
327,노래연습장업,서울특별시 동작구 흑석동 190-33번지 ,서울특별시 동작구 흑석로 85-5 (흑석동),비트코인동전노래연습장,,37.50740396,126.9591811
328,노래연습장업,서울특별시 동작구 흑석동 195-29번지 (지층) ,"서울특별시 동작구 흑석로 81-5  (흑석동,(지층))",울트라모던2노래연습장,,37.50715622,126.9585201
329,노래연습장업,서울특별시 동작구 흑석동 223-1번지 3층 ,"서울특별시 동작구 흑석로 94 (흑석동,3층)",K-2 노래연습장,,37.50726305,126.9599876
330,노래연습장업,서울특별시 동작구 사당동 246-7번지 지층 ,"서울특별시 동작구 사당로 192 (사당동,지층)",라이브노래연습장,,37.48516401,126.9695113
331,노래연습장업,서울특별시 동작구 사당동 224-49번지 지층 ,"서울특별시 동작구 사당로16가길 97 (사당동,지층)",모모노래연습장,,37.48496179,126.968673
332,노래연습장업,서울특별시 동작구 대방동 393-64번지 지하 ,"서울특별시 동작구 대방동길 4 (대방동,지하)",오딧세이노래연습장,,37.50021248,126.9281639
333,노래연습장업,서울특별시 동작구 대방동 23-29번지 지하1층 ,"서울특별시 동작구 등용로 108  (대방동,지하1층)",원 노래연습장,,37.51087233,126.932229
334,노래연습장업,서울특별시 동작구 노량진동 267-13번지 지층 ,"서울특별시 동작구 노량진로6길 6-9 (노량진동,지층)",팡팡노래연습장,,37.51289499,126.9352833
335,노래연습장업,서울특별시 동작구 상도동 22-1번지 지하1층 ,"서울특별시 동작구 만양로 11  (상도동,지하1층)",장윤정 노래연습장,,37.50590737,126.946893
336,노래연습장업,서울특별시 동작구 사당동 138번지 지하1층 ,"서울특별시 동작구 동작대로27나길 21 (사당동,지하1층)",별밤지기 노래연습장,,37.48660068,126.9806626
337,노래연습장업,서울특별시 동작구 사당동 1041-14번지 2층 ,"서울특별시 동작구 동작대로1길 16 (사당동,2층)",짱노래연습장,,37.47743432,126.9804693
338,노래연습장업,서울특별시 동작구 노량진동 312-21번지 지하1층 ,"서울특별시 동작구 장승배기로 109-1  (노량진동,지하1층)",DJ노래연습장,,37.50740956,126.9396489
339,노래연습장업,서울특별시 동작구 신대방동 588-7번지 지층 ,"서울특별시 동작구 시흥대로 664-1 (신대방동,지층)",팡팡노래연습장,,37.49082967,126.9084869
340,노래연습장업,서울특별시 동작구 상도동 324-2번지 ,서울특별시 동작구 상도로 88 (상도동),조아조아노래연습장,,37.49957339,126.9305657
341,노래연습장업,서울특별시 동작구 사당동 265-30번지 지하1층 ,"서울특별시 동작구 사당로 222-1 (사당동,지하1층)",K2 노래연습장,,37.48379052,126.9724404
342,노래연습장업,서울특별시 동작구 사당동 265-12번지 지층 ,"서울특별시 동작구 사당로 229  (사당동,지층)",궁전노래연습장,,37.48370594,126.9733594
343,노래연습장업,서울특별시 동작구 노량진동 31-15번지 지하1층 ,"서울특별시 동작구 노량진로8길 3 (노량진동,지하1층)",어시장 노래연습장,,37.5129041,126.9364559
344,노래연습장업,서울특별시 동작구 사당동 708-437번지 지층 ,"서울특별시 동작구 동작대로25길 44 (사당동,지층)",21세기노래연습장,,37.48545459,126.9800765
345,노래연습장업,서울특별시 동작구 사당동 135-3번지 외 1 7층 ,"서울특별시 동작구 동작대로 121  (사당동,외 1 7층)",수노래연습장총신대점1,,37.48745827,126.9818583
346,노래연습장업,서울특별시 동작구 사당동 135-3번지 외 1 ,"서울특별시 동작구 동작대로 121  (사당동,외 1)",(주)에스알디컨티넨탈,,37.48745827,126.9818583
347,노래연습장업,서울특별시 동작구 사당동 135-3번지 외 1 9층 ,"서울특별시 동작구 동작대로 121  (사당동,외 1 9층)",수노래연습장총신대점3,,37.48745827,126.9818583
348,노래연습장업,서울특별시 동작구 노량진동 117-16번지 ,"서울특별시 동작구 만양로 108, 지층 (노량진동)",RICOSTAR코인노래연습장 노량진점,,37.51307771,126.9444612
349,노래연습장업,서울특별시 동작구 노량진동 126-6번지 휘소항쉬법빌딩 ,"서울특별시 동작구 만양로14가길 22, 휘소항쉬법빌딩 지층 (노량진동)",리코퀸 코인노래연습장,,37.5125884,126.9451095
350,노래연습장업,서울특별시 동작구 노량진동 312-21번지 지층 ,"서울특별시 동작구 장승배기로 109-1  (노량진동,지층)",샤민노래연습장,,37.50740956,126.9396489
351,노래연습장업,서울특별시 동작구 사당동 1041-12번지 ,서울특별시 동작구 동작대로1길 18  (사당동),스타월드 노래방,,37.47743194,126.9802278
352,노래연습장업,서울특별시 동작구 사당동 1003-40번지 지하1층 ,"서울특별시 동작구 사당로28길 6  (사당동,지하1층)",돈아돈아노래연습장(연소자실1),,37.48415732,126.9795352
353,노래연습장업,서울특별시 동작구 사당동 321-8번지 지하 ,서울특별시 동작구 사당로 256 (사당동),마돈나노래방,,37.48320945,126.9761679
354,노래연습장업,서울특별시 동작구 사당동 318-74번지 지층 ,"서울특별시 동작구 사당로16길 15  (사당동,지층)",불놀이야노래연습장,,37.48274615,126.9735951
355,노래연습장업,서울특별시 동작구 대방동 416-4번지 ,서울특별시 동작구 여의대방로24가길 22  (대방동),일번지노래연습장,,37.49921529,126.9211749
356,노래연습장업,서울특별시 동작구 흑석동 93-156번지 (지층) ,"서울특별시 동작구 서달로8가길 6  (흑석동,(지층))",까치노래방,,37.50576087,126.9621285
357,노래연습장업,서울특별시 동작구 사당동 1006-33번지 ,서울특별시 동작구 사당로30길 28 (사당동),큐노래연습장,,37.48364008,126.9808042
358,관광숙박업,서울특별시 동작구 신대방동 698번지 ,"서울특별시 동작구 시흥대로 596 (신대방동, 신라스테이해링턴타워)",신라스테이,,37.48557939,126.9044762
359,관광숙박업,서울특별시 동작구 상도동 353-2번지 ,서울특별시 동작구 상도로 120 (상도동),핸드픽트.서울 호텔,,37.50123123,126.9335257
360,관광숙박업,서울특별시 동작구 사당동 1043-6번지 ,서울특별시 동작구 동작대로1길 15 (사당동),카라쉬 호텔,,37.47715176,126.9804092
361,숙박업,서울특별시 동작구 신대방동 692-3번지 ,서울특별시 동작구 대림로 26 (신대방동),탑모텔,여관업,37.48730177,126.9103612
362,숙박업,서울특별시 동작구 노량진동 39-34번지 ,서울특별시 동작구 노량진로12길 12-13 (노량진동),뉴스카이모텔,여관업,37.51272915,126.9376822
363,숙박업,서울특별시 동작구 대방동 407-25번지 ,서울특별시 동작구 여의대방로24길 121 (대방동),휴모텔,여관업,37.4993704,126.9268416
364,숙박업,서울특별시 동작구 노량진동 58-11번지 ,서울특별시 동작구 노량진로14길 16 (노량진동),코텔 노량진역점,여관업,37.51279091,126.9420143
365,숙박업,서울특별시 동작구 사당동 1039-9번지 ,서울특별시 동작구 남부순환로269가길 11 (사당동),관악여관,여관업,37.47768109,126.978755
366,숙박업,서울특별시 동작구 노량진동 142-2번지 외1필지 ,"서울특별시 동작구 노량진로 198 (노량진동,외1필지)",엔모텔,여관업,37.5129748,126.9478034
367,숙박업,서울특별시 동작구 사당동 1019-19번지 ,서울특별시 동작구 동작대로9길 4 (사당동),미라지(MRG),여관업,37.48070323,126.9813233
368,숙박업,서울특별시 동작구 흑석동 43-126번지 ,서울특별시 동작구 서달로14사길 9 (흑석동),공감모텔,여관업,37.50686329,126.965159
369,숙박업,서울특별시 동작구 사당동 130-16번지 ,서울특별시 동작구 동작대로27길 20-7 (사당동),금강,여인숙업,37.48789337,126.9807213
370,숙박업,서울특별시 동작구 사당동 132-8번지 ,서울특별시 동작구 동작대로27길 20 (사당동),필 모텔,여인숙업,37.48763526,126.9808933
371,숙박업,서울특별시 동작구 상도동 489-13번지 ,서울특별시 동작구 상도로 372-2 (상도동),한라장모텔,여관업,37.49560755,126.9538278
372,숙박업,서울특별시 동작구 사당동 267-26번지 ,서울특별시 동작구 사당로16가길 9 (사당동),덕윤장,여관업,37.48282696,126.9727663
373,숙박업,서울특별시 동작구 신대방동 687-8번지 ,서울특별시 동작구 신대방3길 59 (신대방동),신라장,여관업,37.48809264,126.9084424
374,숙박업,서울특별시 동작구 신대방동 698번지 신라스테이해링턴타워 ,"서울특별시 동작구 시흥대로 596 (신대방동, 신라스테이해링턴타워)",신라스테이,관광호텔,37.48557939,126.9044762
375,숙박업,서울특별시 동작구 상도동 353-2번지 ,서울특별시 동작구 상도로 120 (상도동),핸드픽트호텔.서울,관광호텔,37.50123123,126.9335257
376,숙박업,서울특별시 동작구 노량진동 72-31번지 ,서울특별시 동작구 노량진로14길 17 (노량진동),아바타,여인숙업,37.51275866,126.9423878
377,숙박업,서울특별시 동작구 사당동 1043-6번지 ,서울특별시 동작구 동작대로1길 15 (사당동),카라쉬관광호텔,관광호텔,37.47715176,126.9804092
378,숙박업,서울특별시 동작구 사당동 131-14번지 외1필지 ,"서울특별시 동작구 동작대로29길 11-1 (사당동,외1필지)",한강,여인숙업,37.48784247,126.9813253
379,숙박업,서울특별시 동작구 노량진동 240-17번지 ,서울특별시 동작구 장승배기로 153-6 (노량진동),대웅,여인숙업,37.51151777,126.9398021
380,숙박업,서울특별시 동작구 사당동 147-61번지 ,서울특별시 동작구 사당로30길 5 (사당동),코자자 모텔,여관업,37.48465584,126.9811429
381,숙박업,서울특별시 동작구 대방동 400-6번지 ,서울특별시 동작구 여의대방로24가길 27 (대방동),제이,여관업,37.49947762,126.9208357
382,숙박업,서울특별시 동작구 본동 48-11번지 ,서울특별시 동작구 노량진로28길 12 (본동),용봉장,여관업,37.51234272,126.9549534
383,숙박업,서울특별시 동작구 신대방동 347-15번지 ,서울특별시 동작구 보라매로 100-8 (신대방동),렉스모텔,여관업,37.49858864,126.928532
384,숙박업,서울특별시 동작구 대방동 43-2번지 ,서울특별시 동작구 등용로14길 44 (대방동),시티모텔,여관업,37.51197711,126.9339258
385,숙박업,서울특별시 동작구 노량진동 211-47번지 외1필지 ,"서울특별시 동작구 만양로14길 20 (노량진동,외1필지)",부흥,여관업,37.51167053,126.9454554
386,숙박업,서울특별시 동작구 노량진동 27-12번지 ,서울특별시 동작구 노량진로 94 (노량진동),닉스모텔,여관업,37.51308088,126.9361269
387,숙박업,서울특별시 동작구 노량진동 40-46번지 ,서울특별시 동작구 노량진로12길 4-9 (노량진동),대흥 모텔,여관업,37.51302588,126.93791
388,숙박업,"서울특별시 동작구 사당동 1044-28번지 28호, 29호 ",서울특별시 동작구 동작대로1길 33 (사당동),로얄모텔,여관업,37.47723306,126.979508
389,숙박업,서울특별시 동작구 사당동 148-22번지 ,서울특별시 동작구 사당로 291 (사당동),세림장모텔,여관업,37.48492953,126.9798362
390,숙박업,서울특별시 동작구 노량진동 231-110번지 ,서울특별시 동작구 장승배기로 132-2 (노량진동),화신,여인숙업,37.50918441,126.9404663
391,숙박업,서울특별시 동작구 노량진동 59-32번지 ,서울특별시 동작구 노량진로14길 6 (노량진동),반도,여관업,37.51316472,126.9417952
392,숙박업,서울특별시 동작구 사당동 1006-2번지 ,서울특별시 동작구 동작대로23길 33 (사당동),이수스테이,여인숙업,37.4841453,126.9798546
393,숙박업,서울특별시 동작구 상도동 179-9번지 ,서울특별시 동작구 장승배기로10길 10 (상도동),명여관,여관업,37.50441605,126.9398064
394,숙박업,서울특별시 동작구 상도동 23-45번지 ,서울특별시 동작구 상도로 235 (상도동),용궁장모텔,여관업,37.50544953,126.9450371
395,숙박업,서울특별시 동작구 노량진동 28-8번지 외2필지 ,"서울특별시 동작구 노량진로6길 2 (노량진동,외2필지)",썬파크 모텔,여관업,37.51294684,126.9358405
396,숙박업,서울특별시 동작구 노량진동 231-1번지 ,서울특별시 동작구 장승배기로22길 6 (노량진동),호텔노블,여관업,37.50965915,126.9404717
397,숙박업,서울특별시 동작구 상도동 183-16번지 ,서울특별시 동작구 상도로26길 2 (상도동),뉴욕장모텔,여관업,37.50380193,126.9378972
398,숙박업,서울특별시 동작구 상도동 169-29번지 ,서울특별시 동작구 장승배기로10길 47 (상도동),동일장여관,여관업,37.50444935,126.9415351
399,숙박업,서울특별시 동작구 신대방동 685-3번지 외2필지 ,"서울특별시 동작구 신대방3길 87 (신대방동,외2필지)",옥수장,여관업,37.48871169,126.9072435
400,숙박업,서울특별시 동작구 노량진동 312-34번지 ,서울특별시 동작구 장승배기로17길 7 (노량진동),힐링모텔,여관업,37.50705674,126.9393288
401,숙박업,서울특별시 동작구 흑석동 102-10번지 ,서울특별시 동작구 서달로13길 13 (흑석동),연흥,여인숙업,37.50830429,126.9620261
402,숙박업,서울특별시 동작구 상도동 348-145번지 ,서울특별시 동작구 상도로15길 5 (상도동),동원장여관,여인숙업,37.50128632,126.9326367
403,숙박업,서울특별시 동작구 신대방동 685-5번지 ,서울특별시 동작구 신대방3길 83 (신대방동),신성,여관업,37.48868304,126.907473
404,숙박업,서울특별시 동작구 흑석동 102-67번지 ,서울특별시 동작구 서달로13길 5-19 (흑석동),영빈장,여관업,37.5077306,126.9619757
405,숙박업,서울특별시 동작구 흑석동 95-34번지 ,서울특별시 동작구 서달로10길 11-6 (흑석동),대호,여관업,37.50604566,126.9620602
406,단란주점영업,서울특별시 동작구 상도동 26-36번지 ,서울특별시 동작구 상도로 210 (상도동),샤방샤방,단란주점,37.50504302,126.9420705
407,단란주점영업,서울특별시 동작구 대방동 400-5번지 ,서울특별시 동작구 여의대방로24가길 31 (대방동),샤인,단란주점,37.49969188,126.9208314
408,단란주점영업,서울특별시 동작구 상도동 346-9번지 ,서울특별시 동작구 성대로1길 1 (상도동),엣지,단란주점,37.50033555,126.9324265
409,단란주점영업,"서울특별시 동작구 사당동 133-17번지 ,20 ",서울특별시 동작구 동작대로27길 6 (사당동),코비주점,단란주점,37.48779331,126.9815911
410,단란주점영업,서울특별시 동작구 사당동 321-5번지 ,서울특별시 동작구 사당로22길 4 (사당동),싱글주점,단란주점,37.4832672,126.9765731
411,단란주점영업,서울특별시 동작구 신대방동 347-25번지 ,서울특별시 동작구 여의대방로24길 134 (신대방동),친한친구,단란주점,37.49905994,126.9274742
412,단란주점영업,서울특별시 동작구 사당동 1044-28번지 (지하1층) ,"서울특별시 동작구 동작대로1길 33 (사당동,(지하1층))",파파코,단란주점,37.47723306,126.979508
413,단란주점영업,서울특별시 동작구 대방동 336-12번지 ,서울특별시 동작구 상도로 78 (대방동),굿타임 노래짱,단란주점,37.49955849,126.9291386
414,단란주점영업,서울특별시 동작구 대방동 416-4번지 ,서울특별시 동작구 여의대방로24가길 22 (대방동),우주가요주점,단란주점,37.49921529,126.9211749
415,단란주점영업,서울특별시 동작구 대방동 385-13번지 ,서울특별시 동작구 여의대방로36길 1 (대방동),승리,단란주점,37.50426254,126.9223844
416,단란주점영업,서울특별시 동작구 신대방동 588-2번지 ,서울특별시 동작구 시흥대로 668 (신대방동),카라,단란주점,37.49092613,126.9085592
417,단란주점영업,서울특별시 동작구 상도동 373-86번지 ,서울특별시 동작구 상도로 199 (상도동),노래하는 포차,단란주점,37.50527452,126.9406804
418,단란주점영업,서울특별시 동작구 사당동 145-14번지 ,"서울특별시 동작구 동작대로25길 25, 지하1층 (사당동)",모아,단란주점,37.48589125,126.9808296
419,단란주점영업,서울특별시 동작구 흑석동 43-3번지 ,서울특별시 동작구 서달로14길 34 (흑석동),필 노래바,단란주점,37.50741449,126.964763
420,단란주점영업,서울특별시 동작구 상도동 170-10번지 ,서울특별시 동작구 상도로 206 (상도동),일번지단란주점,단란주점,37.50497265,126.9415137
421,단란주점영업,서울특별시 동작구 사당동 265-16번지 ,서울특별시 동작구 사당로 227 (사당동),귀빈단란주점,단란주점,37.48375177,126.9731999
422,단란주점영업,서울특별시 동작구 흑석동 43-125번지 ,서울특별시 동작구 서달로14길 38 (흑석동),엠(M)노래빠,단란주점,37.50730974,126.9648752
423,단란주점영업,서울특별시 동작구 대방동 405-11번지 ,"서울특별시 동작구 보라매로 113, 지상2층 203호 (대방동)",칠공팔공삼거리,단란주점,37.49946602,126.9279008
424,단란주점영업,서울특별시 동작구 노량진동 263-6번지 ,서울특별시 동작구 등용로14길 82 (노량진동),떼루아,단란주점,37.51263646,126.9360407
425,단란주점영업,서울특별시 동작구 상도동 337-14번지 ,서울특별시 동작구 상도로 99-6 (상도동),궁,단란주점,37.50057472,126.9314086
426,단란주점영업,서울특별시 동작구 사당동 137-8번지 ,서울특별시 동작구 동작대로27가길 26 (사당동),치토,단란주점,37.48651331,126.9808517
427,단란주점영업,서울특별시 동작구 신대방동 362-27번지 ,서울특별시 동작구 여의대방로24길 16 (신대방동),네박자,단란주점,37.49796785,126.9211683
428,단란주점영업,서울특별시 동작구 사당동 145-30번지 ,서울특별시 동작구 동작대로27가길 37 (사당동),굿타임,단란주점,37.48596375,126.9811747
429,단란주점영업,서울특별시 동작구 노량진동 35-2번지 ,서울특별시 동작구 노량진로8길 31 (노량진동),오페라,단란주점,37.51265623,126.9371162
430,단란주점영업,서울특별시 동작구 사당동 145-26번지 (지하1층) ,서울특별시 동작구 동작대로25길 11 (사당동),스타 7080,단란주점,37.48630319,126.9813765
431,단란주점영업,서울특별시 동작구 상도동 367-4번지 ,서울특별시 동작구 상도로 170 (상도동),팡팡,단란주점,37.50408017,126.93809
432,단란주점영업,서울특별시 동작구 사당동 145-11번지 ,서울특별시 동작구 동작대로27가길 36 (사당동),SBS노래주점,단란주점,37.48601715,126.9809821
433,단란주점영업,서울특별시 동작구 상도동 188-4번지 ,서울특별시 동작구 상도로 152 (상도동),파티파티,단란주점,37.50293565,126.9362789
434,단란주점영업,서울특별시 동작구 흑석동 52-26번지 ,서울특별시 동작구 서달로14길 8 (흑석동),파티파티 노래주점,단란주점,37.50786291,126.9635143
435,단란주점영업,서울특별시 동작구 본동 165-5번지 ,"서울특별시 동작구 노량진로 234, 지하1층 (본동)",희와준단란주점,단란주점,37.51247722,126.9519307
436,단란주점영업,서울특별시 동작구 대방동 405-11번지 204호,서울특별시 동작구 보라매로 113 (대방동),노리터 노래타운,단란주점,37.49946602,126.9279008
437,단란주점영업,서울특별시 동작구 사당동 147-69번지 ,서울특별시 동작구 동작대로27가길 39 (사당동),킹카,단란주점,37.48586257,126.9811659
438,단란주점영업,서울특별시 동작구 흑석동 101-4번지 ,서울특별시 동작구 서달로15길 17 (흑석동),엠(M),단란주점,37.50847687,126.962159
439,단란주점영업,서울특별시 동작구 사당동 321-8번지 ,서울특별시 동작구 사당로 256 (사당동),필단란주점,단란주점,37.48320945,126.9761679
440,단란주점영업,서울특별시 동작구 사당동 1031-24번지 ,서울특별시 동작구 동작대로3길 10 (사당동),해성,단란주점,37.47846153,126.9808171
441,단란주점영업,서울특별시 동작구 신대방동 375-15번지 동일빌딩 ,"서울특별시 동작구 여의대방로22길 4, 동일빌딩 지하1층 (신대방동)",오빠,단란주점,37.49754878,126.9200894
442,단란주점영업,서울특별시 동작구 사당동 1044-1번지 지하 1층 ,"서울특별시 동작구 남부순환로269길 8 (사당동,지하 1층)",스타킹 라이브주점,단란주점,37.47713828,126.9785455
443,단란주점영업,서울특별시 동작구 상도동 492-14번지 ,서울특별시 동작구 상도로62길 35 (상도동),퐁퐁,단란주점,37.49579641,126.9533851
444,단란주점영업,서울특별시 동작구 상도1동 755-0번지 ,서울특별시 동작구 상도로 275 (상도1동),울리불리 7080,단란주점,37.50295564,126.9482441
445,단란주점영업,서울특별시 동작구 상도동 324-2번지 ,서울특별시 동작구 상도로 88 (상도동),야간열차,단란주점,37.49957339,126.9305657
446,단란주점영업,서울특별시 동작구 신대방동 395-67번지 관악타워 지1층136호 ,"서울특별시 동작구 보라매로5길 51 (신대방동,관악타워 지1층136호)",Live 캐슬,단란주점,37.49078223,126.9232199
447,단란주점영업,서울특별시 동작구 노량진동 261-2번지 ,서울특별시 동작구 노량진로8길 26 (노량진동),가원,단란주점,37.51257105,126.9367208
448,단란주점영업,서울특별시 동작구 상도동 467번지 ,서울특별시 동작구 상도로 331 (상도동),금강산,단란주점,37.49882514,126.9518015
449,단란주점영업,서울특별시 동작구 대방동 400-3번지 ,서울특별시 동작구 여의대방로 140 (대방동),별밤노래바,단란주점,37.49947768,126.9206551
450,유흥주점영업,서울특별시 동작구 사당동 148-10번지 ,서울특별시 동작구 사당로 287 (사당동),비전힐,룸살롱,37.48475486,126.9795104
451,유흥주점영업,서울특별시 동작구 사당동 1030-18번지 ,서울특별시 동작구 동작대로7길 4 (사당동),땡벌,룸살롱,37.48012509,126.9815066
452,유흥주점영업,서울특별시 동작구 사당동 1031-25번지 ,서울특별시 동작구 동작대로3길 8 (사당동),기쁨조,룸살롱,37.47845462,126.9809474
453,유흥주점영업,서울특별시 동작구 노량진동 39-26번지 ,서울특별시 동작구 노량진로8길 49 (노량진동),궁전,룸살롱,37.51247433,126.9380065
454,유흥주점영업,서울특별시 동작구 사당동 147-102번지 ,서울특별시 동작구 사당로 307 (사당동),준코뮤직타운이수역점,룸살롱,37.48555314,126.981619
455,유흥주점영업,서울특별시 동작구 노량진동 31-13번지 ,서울특별시 동작구 노량진로8길 27 (노량진동),디제이노래주점,룸살롱,37.5127192,126.9369234
456,유흥주점영업,서울특별시 동작구 상도동 329-4번지 ,서울특별시 동작구 상도로 99 (상도동),보물섬노래빠,룸살롱,37.50039684,126.9313712
457,유흥주점영업,서울특별시 동작구 사당동 148-12번지 ,서울특별시 동작구 사당로 293 (사당동),아우디,룸살롱,37.48493047,126.9800426
458,유흥주점영업,"서울특별시 동작구 상도동 369-6번지 ,13호 ","서울특별시 동작구 장승배기로10길 9 (상도동,,13호)",팡팡,룸살롱,37.50458659,126.939768
459,유흥주점영업,서울특별시 동작구 사당동 133-4번지 ,서울특별시 동작구 동작대로27길 6 (사당동),코비노래타운주점,룸살롱,37.48786541,126.9817181
460,유흥주점영업,서울특별시 동작구 노량진동 231-115번지 ,서울특별시 동작구 장승배기로 135 (노량진동),테마노래주점,룸살롱,37.50965611,126.9399695
461,유흥주점영업,서울특별시 동작구 사당동 1031-37번지 ,서울특별시 동작구 동작대로7길 5 (사당동),초원노래팡팡,룸살롱,37.47991296,126.9813191
462,유흥주점영업,서울특별시 동작구 흑석동 107번지 ,"서울특별시 동작구 흑석로 124-1, 지하1층 (흑석동)",돈꽃,룸살롱,37.50905173,126.9622183
463,유흥주점영업,서울특별시 동작구 상도동 328-13번지 ,서울특별시 동작구 상도로 95-1 (상도동),이큐(EQ),룸살롱,37.50027764,126.9310769
464,유흥주점영업,서울특별시 동작구 신대방동 607-28번지 ,"서울특별시 동작구 시흥대로 646, 지하1층 (신대방동)",수,스텐드바,37.48948701,126.9074726
465,유흥주점영업,서울특별시 동작구 사당동 321-114번지 ,서울특별시 동작구 사당로 252 (사당동),힐링,룸살롱,37.48312433,126.975808
466,유흥주점영업,서울특별시 동작구 노량진동 27-11번지 ,서울특별시 동작구 노량진로 92 (노량진동),벌떼(BUL DDE),룸살롱,37.51303008,126.9359926
467,유흥주점영업,서울특별시 동작구 상도동 365-1번지 ,서울특별시 동작구 상도로 179 (상도동),별밤,스텐드바,37.50473488,126.9383364
468,유흥주점영업,서울특별시 동작구 사당동 1019-42번지 ,서울특별시 동작구 동작대로 53 (사당동),로마,룸살롱,37.48126018,126.9815023
469,유흥주점영업,서울특별시 동작구 사당동 147-75번지 ,서울특별시 동작구 동작대로27가길 45 (사당동),주주,룸살롱,37.48552099,126.9811515
470,유흥주점영업,서울특별시 동작구 사당동 147-76번지 ,서울특별시 동작구 사당로 303 (사당동),세븐,룸살롱,37.48541638,126.9811145
471,유흥주점영업,서울특별시 동작구 노량진동 28-7번지 ,서울특별시 동작구 노량진로 90 (노량진동),던힐,룸살롱,37.51305839,126.9356846
472,유흥주점영업,서울특별시 동작구 사당동 144-7번지 ,서울특별시 동작구 동작대로25길 37 (사당동),볼보(VOLVO),룸살롱,37.48545348,126.980462
473,유흥주점영업,서울특별시 동작구 노량진동 60-29번지 리바트가구 ,"서울특별시 동작구 노량진로 125, 2층,3층 (노량진동)",고래,기타,37.51373961,126.9400969
474,유흥주점영업,서울특별시 동작구 상도동 365-1번지 지하1층 ,"서울특별시 동작구 상도로 179 (상도동, 지하1층)",파파코(PAPACO),룸살롱,37.50473488,126.9383364
475,유흥주점영업,서울특별시 동작구 사당동 147-48번지 ,"서울특별시 동작구 사당로 308, 지하1층 (사당동)",놀이터,노래클럽,37.48494287,126.9815326
476,유흥주점영업,서울특별시 동작구 노량진동 72-3번지 외5필지 A호 ,"서울특별시 동작구 노량진로 148-3 (노량진동,외5필지 A호)",쿨노래주점,룸살롱,37.51341135,126.9423894
477,유흥주점영업,서울특별시 동작구 사당동 147-77번지 ,서울특별시 동작구 동작대로27가길 46-3 (사당동),워커힐,룸살롱,37.48544048,126.9808232
478,유흥주점영업,서울특별시 동작구 노량진동 35-1번지 ,서울특별시 동작구 노량진로8길 33 (노량진동),시바스,룸살롱,37.51264772,126.9372185
479,유흥주점영업,서울특별시 동작구 사당동 1019-38번지 ,서울특별시 동작구 동작대로 55 (사당동),관광열차,스텐드바,37.48138091,126.9815101
480,유흥주점영업,서울특별시 동작구 사당동 145-28번지 ,서울특별시 동작구 동작대로27가길 31 (사당동),벤츠,룸살롱,37.48615666,126.9811927
481,유흥주점영업,서울특별시 동작구 사당동 147-101번지 ,서울특별시 동작구 동작대로 101 (사당동),바이칼,룸살롱,37.48566704,126.9816673
482,유흥주점영업,서울특별시 동작구 노량진동 29-6번지 ,"서울특별시 동작구 노량진로 86-1, 지하층 (노량진동)",세시봉7080,룸살롱,37.51299972,126.9354919
483,유흥주점영업,서울특별시 동작구 노량진동 40-33번지 ,서울특별시 동작구 노량진로 106-3 (노량진동),리얼 술마시는 노래방송국,룸살롱,37.51305157,126.9377687
484,유흥주점영업,서울특별시 동작구 노량진동 72-3번지 ,서울특별시 동작구 노량진로 148-3 (노량진동),유토피아,룸살롱,37.51341135,126.9423894
485,유흥주점영업,서울특별시 동작구 대방동 407-25번지 ,서울특별시 동작구 여의대방로24길 121 (대방동),초콜릿,룸살롱,37.4993704,126.9268416
486,유흥주점영업,서울특별시 동작구 사당동 1031-30번지 ,서울특별시 동작구 동작대로 29 (사당동),비타민,룸살롱,37.47913025,126.9813106
487,유흥주점영업,서울특별시 동작구 사당동 144-3번지 ,"서울특별시 동작구 동작대로27가길 46-5, 지하1층 (사당동)",놀자,기타,37.48546208,126.9806818
488,유흥주점영업,서울특별시 동작구 사당동 147-100번지 ,서울특별시 동작구 동작대로 103 (사당동),2040,룸살롱,37.48579661,126.9817172
489,유흥주점영업,서울특별시 동작구 신대방동 349-3번지 ,서울특별시 동작구 여의대방로22길 136 (신대방동),쇼킹단란한주점,스텐드바,37.4980238,126.9253046
490,유흥주점영업,서울특별시 동작구 사당동 147-99번지 ,서울특별시 동작구 동작대로 105 (사당동),내스타일,스텐드바,37.48593267,126.9817483
491,유흥주점영업,서울특별시 동작구 사당동 1003-39번지 ,서울특별시 동작구 사당로 286 (사당동),아쿠아,룸살롱,37.48417288,126.979387
492,유흥주점영업,서울특별시 동작구 신대방동 607-26번지 ,서울특별시 동작구 시흥대로 654 (신대방동),힐링,룸살롱,37.48993268,126.907862
493,유흥주점영업,서울특별시 동작구 상도동 348-170번지 ,서울특별시 동작구 상도로 105 (상도동),여우(FOX),룸살롱,37.50076866,126.93196
494,유흥주점영업,서울특별시 동작구 신대방동 347-13번지 ,서울특별시 동작구 보라매로 106 (신대방동),동작회관,스텐드바,37.49870017,126.9283625
495,유흥주점영업,서울특별시 동작구 상도동 183-17번지 ,서울특별시 동작구 상도로 166 (상도동),짝노래장,룸살롱,37.50378815,126.9377493
496,유흥주점영업,서울특별시 동작구 사당동 1031-39번지 ,서울특별시 동작구 동작대로 39 (사당동),쌕쌕,스텐드바,37.47994632,126.981493
497,유흥주점영업,서울특별시 동작구 노량진동 36-5번지 지하1층 ,"서울특별시 동작구 노량진로8길 35, 지하1층 (노량진동)",센스,간이주점,37.51264959,126.9373439
498,유흥주점영업,서울특별시 동작구 사당동 1031-26번지 ,서울특별시 동작구 동작대로3길 6 (사당동),퇴근길,룸살롱,37.47850087,126.9811275
499,유흥주점영업,서울특별시 동작구 사당동 1019-55번지 ,서울특별시 동작구 동작대로 45 (사당동),일점이,룸살롱,37.48074714,126.9815018
500,석유및석유대체연료판매업체,서울특별시 동작구 상도동 55번지 108호 ,서울특별시 동작구 상도로47사길 6-7 (상도동),주식회사 인코리아에너지,일반대리점,37.503538,126.9525167
501,석유및석유대체연료판매업체,서울특별시 동작구 상도동 198-45,서울특별시 동작구 성대로25가길 27-3 (상도동),페트로에너지 주식회사 ,부생연료판매소,37.50039023,126.9376516
502,석유판매업,서울특별시 동작구 상도동 121-21번지 ,서울특별시 동작구 상도로 403 (상도동),현대오일뱅크(주) 직영 동작주유소,주유소,37.49347436,126.956522
503,석유판매업,서울특별시 동작구 사당동 1007-47번지 ,서울특별시 동작구 동작대로 73 (사당동),현대오일뱅크(주) 직영 사당셀프주유소,주유소,37.4831086,126.9815396
504,석유판매업,서울특별시 동작구 사당동 86-3번지 ,서울특별시 동작구 동작대로 135 (사당동),(주)성림에너지 남성주유소,주유소,37.48868194,126.9819659
505,석유판매업,서울특별시 동작구 흑석동 9-46번지 ,서울특별시 동작구 현충로 101 (흑석동),SK네트웍스(주) 흑석동주유소,주유소,37.50801327,126.9652682
506,석유판매업,서울특별시 동작구 노량진동 267-6번지 ,서울특별시 동작구 노량진로 78 (노량진동),(주)서우유통에너지,주유소,37.51285095,126.9346533
507,석유판매업,서울특별시 동작구 노량진동 302-259번지 ,서울특별시 동작구 장승배기로19길 34 (노량진동),유니언마켓팅,용제판매소,37.50828585,126.93803
508,석유판매업,서울특별시 동작구 사당동 708-554번지 ,서울특별시 동작구 사당로27길 51 (사당동),팔팔석유,일반판매소,37.48594332,126.9767555
509,석유판매업,서울특별시 동작구 노량진동 148-8번지 ,서울특별시 동작구 노량진로 172 (노량진동),대성산업(주) 노량진주유소,주유소,37.51357446,126.9449081
510,석유판매업,서울특별시 동작구 상도동 204-253번지 ,서울특별시 동작구 장승배기로1길 4 (상도동),에스케이 에너지,일반판매소,37.49999696,126.9424753
511,석유판매업,서울특별시 동작구 노량진동 253-19번지 ,서울특별시 동작구 노량진로10길 49 (노량진동),충남 한진 삼화 오대 석유류,일반판매소,37.51127559,126.9379129
512,석유판매업,서울특별시 동작구 상도동 103-1번지 외 1필지 ,서울특별시 동작구 사당로 59 (상도동),(주)창원 이엔지,주유소,37.49489748,126.9613945
513,석유판매업,서울특별시 동작구 대방동 383-19번지 ,서울특별시 동작구 여의대방로 214 (대방동),지에스칼텍스(주) 대방주유소,주유소,37.50582805,126.9229595
514,석유판매업,서울특별시 동작구 신대방동 686-44번지 ,서울특별시 동작구 시흥대로 616 (신대방동),SK네트웍스(주) 21세기주유소,주유소,37.48712087,126.9056443
515,석유판매업,서울특별시 동작구 신대방동 375-35번지 ,서울특별시 동작구 여의대방로22길 12 (신대방동),제일석유,일반판매소,37.49753494,126.9203974
516,석유판매업,서울특별시 동작구 상도동 468-1번지 ,서울특별시 동작구 상도로 334 (상도동),살피재주유소,주유소,37.49839501,126.9514054
517,석유판매업,서울특별시 동작구 상도동 190-1번지 ,서울특별시 동작구 상도로 139 (상도동),매일주유소,주유소,37.50273516,126.9350836
518,석유판매업,서울특별시 동작구 상도동 355-20번지 ,서울특별시 동작구 성대로1길 17 (상도동),한강에너지,일반판매소,37.50105578,126.9338017
519,건설폐기물처리업,서울특별시 동작구 상도동 264-15번지 ,,"삼일건설폐기물(수집, 운반)",,37.49862642,126.9348149
520,건설폐기물처리업,서울특별시 동작구 사당동 220-164번지 1층 ,"서울특별시 동작구 사당로13길 58 (사당동,1층)",태우토건(주),,37.48652962,126.9714553
521,건설폐기물처리업,서울특별시 동작구 상도동 175-12번지 ,서울특별시 동작구 장승배기로10가길 43 (상도동),통일건설폐기물수집운반,,37.5024555,126.940604
522,건설폐기물처리업,서울특별시 동작구 상도동 529번지 상도두산위브아파트 104동 101호,"서울특별시 동작구 상도로30길 39, 104동 101호 (상도동, 상도두산위브아파트)",역전환경,,37.50463277,126.9433253
523,건설폐기물처리업,서울특별시 동작구 신대방동 719번지 ,"서울특별시 동작구 신대방1가길 38, 106동 1601호 (신대방동, 동작상떼빌)",(주)성호산업,,37.4875216,126.9068465
524,건설폐기물처리업,서울특별시 동작구 대방동 414-8번지 ,"서울특별시 동작구 여의대방로24나길 10, 지하층 (대방동)",(주)삼성티엘에스,,37.49842712,126.9214838
525,건설폐기물처리업,서울특별시 동작구 상도동 431번지 316동 201호,"서울특별시 동작구 상도로53길 8, 316동 201호 (상도동)",남부건설폐기물수집.운반,,37.49935239,126.9547332
526,건설폐기물처리업,서울특별시 동작구 신대방동 719번지 동작상떼빌 105동 210호 ,"서울특별시 동작구 신대방1가길 38 (신대방동,동작상떼빌 105동 210호)",(주)삼정이앤티,,37.4875216,126.9068465
527,단독정화조/오수처리시설설계시공업,서울특별시 동작구 상도동 23-5번지 ,서울특별시 동작구 상도로 231  (상도동),(주)국민환경기술,,37.50546018,126.9445107
528,단독정화조/오수처리시설설계시공업,서울특별시 동작구 상도동 187-1번지 ,서울특별시 동작구 상도로 153 (상도동),송포환경(주),,37.50343798,126.9361477
529,단독정화조/오수처리시설설계시공업,서울특별시 동작구 신대방동 347-25번지 ,서울특별시 동작구 여의대방로24길 134  (신대방동),한성공영주식회사,,37.49905994,126.9274742
530,단독정화조/오수처리시설설계시공업,서울특별시 동작구 신대방동 361번지 ,,(주)대림그린엔택,,#N/A,#N/A
531,대기오염물질배출시설설치사업장,서울특별시 동작구 사당동 1031-3번지 ,"서울특별시 동작구 동작대로 35 (사당동, 삼성생명)",문배철강 주식회사,,37.47961412,126.980938
532,대기오염물질배출시설설치사업장,서울특별시 동작구 상도동 176-3번지 ,"서울특별시 동작구 장승배기로10길 42 (상도동, 동작문화복지센타)",동작문화복지센터,,37.50442384,126.9411375
533,대기오염물질배출시설설치사업장,서울특별시 동작구 흑석동 116-1번지 ,"서울특별시 동작구 현충로 73 (흑석동, 흑석 체육센타)",흑석체육센터,체력단련시설 운영업,37.51005495,126.96347
534,대기오염물질배출시설설치사업장,서울특별시 동작구 신대방동 460-1번지 ,"서울특별시 동작구 여의대방로16길 53 (신대방동, 동작구민체육센터)",동작구민체육센터,체력단련시설 운영업,37.49472364,126.9167737
535,대기오염물질배출시설설치사업장,서울특별시 동작구 노량진동 330번지 ,"서울특별시 동작구 만양로 84, 지하1층 (노량진동, 삼익주상복합아파트)",삼익사우나,욕탕업,37.51092858,126.9451323
536,대기오염물질배출시설설치사업장,서울특별시 동작구 대방동 345-1번지 ,"서울특별시 동작구 여의대방로54길 18 (대방동, 서울여성플라자)",서울특별시여성가족재단,그외 기타 협회 및 단체,37.51157857,126.927143
537,대기오염물질배출시설설치사업장,서울특별시 동작구 사당동 136-1번지 ,"서울특별시 동작구 동작대로 115 (사당동, 태평백화점)",경유산업(주),백화점,37.48687591,126.9816068
538,대기오염물질배출시설설치사업장,서울특별시 동작구 신대방동 395-68번지 ,"서울특별시 동작구 보라매로5가길 24 (신대방동, 보라매나산스위트)",(주)아스타아이비에스보라매나산스위트,사업시설 유지관리 서비스업,37.49069116,126.9239519
539,대기오염물질배출시설설치사업장,서울특별시 동작구 상도동 511번지 ,"서울특별시 동작구 상도로 369 (상도동, 숭실대학교)",숭실대학교,대학교,37.49635423,126.957222
540,대기오염물질배출시설설치사업장,서울특별시 동작구 흑석동 221번지 ,"서울특별시 동작구 흑석로 84 (흑석동, 중앙대학교)",중앙대학교,대학교,37.50439667,126.9563901
541,대기오염물질배출시설설치사업장,서울특별시 동작구 노량진동 312-6번지 ,"서울특별시 동작구 장승배기로 113 (노량진동, 장성빌딩)",장성그랜드사우나,욕탕업,37.50783191,126.9395745
542,대기오염물질배출시설설치사업장,서울특별시 동작구 대방동 70-1번지 ,서울특별시 동작구 노량진로 53 (대방동),현대자동차(주)남부사업소,자동차 종합 수리업,37.51399651,126.9327625
543,대기오염물질배출시설설치사업장,서울특별시 동작구 대방동 397-2번지 ,서울특별시 동작구 대방동27길 114 (대방동),범한택시여객자동차(주),택시 운송업,37.50004962,126.9239105
544,대기오염물질배출시설설치사업장,서울특별시 동작구 동작동 산 44-7   번지 ,,국립현충원,,#N/A,#N/A
545,대기오염물질배출시설설치사업장,서울특별시 동작구 노량진동 1-5번지 동작구 환경지원센터 ,"서울특별시 동작구 노들로 756, 동작구 환경지원센터 (노량진동)",동작구청(환경지원센터),,37.5164225,126.9472097
546,대기오염물질배출시설설치사업장,서울특별시 동작구 노량진동 46-6   번지 ,,대성출판(주),,37.51291545,126.9393592
547,대기오염물질배출시설설치사업장,서울특별시 동작구 신대방동 395번지 ,,서울시공원녹지관리사업소,,37.4932342,126.9175228
548,대기오염물질배출시설설치사업장,서울특별시 동작구 대방동 70-1   번지 ,,현대자동차(주)남부사업소,,37.51399651,126.9327625
549,대기오염물질배출시설설치사업장,서울특별시 동작구 상도동 105번지 극동아파트 ,서울특별시 동작구 동작대로29길 119 (사당동),(주)GIMCO,발전업,37.4897954,126.9738337
550,대기오염물질배출시설설치사업장,서울특별시 동작구 대방동 501번지 ,서울특별시 동작구 여의대방로44길 10 (대방동),대방대림아파트,발전업,37.50729466,126.9247117
551,대기오염물질배출시설설치사업장,서울특별시 동작구 사당동 105번지 ,,사당 신동아 4단지아파트,발전업,37.48969463,126.9756501
552,대기오염물질배출시설설치사업장,서울특별시 동작구 상도동 414번지 ,서울특별시 동작구 만양로 26 (상도동),상도건영아파트,발전업,37.50716796,126.949774
553,대기오염물질배출시설설치사업장,서울특별시 동작구 사당동 신동아아파트 4단지 기계실 ,서울특별시 동작구 동작대로29길 110 (사당동),(주)GIMCO,발전업,37.4897954,126.9738337
554,대기오염물질배출시설설치사업장,서울특별시 동작구 신대방동 395-70번지 ,"서울특별시 동작구 보라매로5길 15 (신대방동, 전문건설회관빌딩)",전문건설공제조합,,37.49200268,126.9242586
555,대기오염물질배출시설설치사업장,서울특별시 동작구 신대방동 370-1번지 ,"서울특별시 동작구 여의대방로 112 (신대방동, 농심신대방사옥)",(주)농심,,37.4966949,126.9194187
556,대기오염물질배출시설설치사업장,서울특별시 동작구 대방동 49-6번지 ,"서울특별시 동작구 노량진로 74 (대방동, 유한양행빌딩)",(주)유한양행,,37.51270287,126.9331253
557,대기오염물질배출시설설치사업장,서울특별시 동작구 노량진동 47-2번지 ,"서울특별시 동작구 장승배기로 161 (노량진동, 동작구청)",서울특별시동작구청,,37.51226793,126.9394288
558,대기오염물질배출시설설치사업장,서울특별시 동작구 동작동 산 4-2번지 ,,경문고등학교,공공관계 서비스업,37.49308079,126.9816294
559,대기오염물질배출시설설치사업장,서울특별시 동작구 흑석동 221번지 ,,중앙대학교,,37.50439667,126.9563901
560,대기오염물질배출시설설치사업장,서울특별시 동작구 노량진동 72번지 ,,노량진경찰서,,#N/A,#N/A
561,분뇨수집운반업,서울특별시 동작구 사당동 141-197번지 4층 ,서울특별시 동작구 사당로27길 18 (사당동),고리환경(주),,37.48520606,126.9783835
562,청소년게임제공업,,"서울특별시 동작구 만양로14가길 22, 지층 (노량진동, 휘소항쉬법빌딩)",위닝플스,,#N/A,#N/A
563,청소년게임제공업,,"서울특별시 동작구 현충로 131 (흑석동, 블루스톤스포츠)",리얼엔젤플러스(주)블루스톤 스포츠 내 게임장,,#N/A,#N/A
564,대기오염물질배출시설설치사업장,,"서울특별시 동작구 시흥대로 596 (신대방동, 신라스테이해링턴타워)",신라스테이 주식회사,,#N/A,#N/A
565,대기오염물질배출시설설치사업장,,"서울특별시 동작구 흑석로 102 (흑석동, 중앙대학교병원)",중앙대학교병원,,#N/A,#N/A
566,대기오염물질배출시설설치사업장,,"서울특별시 동작구 노들로 688 (노량진동, 한냉카센타)",수협노량진수산(주),,#N/A,#N/A
567,대기오염물질배출시설설치사업장,,"서울특별시 동작구 보라매로5길 51 (신대방동, 롯데타워)",롯데타워업무시설관리단대표회의,,#N/A,#N/A
568,대기오염물질배출시설설치사업장,,"서울특별시 동작구 보라매로5길 20 (신대방동, 서울특별시보라매병원)",서울특별시보라매병원,,#N/A,#N/A
